Date,Temp High,Temp Ave,Temp Low,Dew Low,Dew Ave,Dew High,RH High,RH Ave,RH Low,Wind High,Wind Ave,Wind Low,Pressure High,Pressure Low,Precip
1/1/2022,82.8,71.1,64.6,72.50,67.00,64.20,99 %,88 %,60 %,7.4 mph,0.6 mph,0.0 mph,29.68 in,29.55 in,0.00
1/2/2022,83.7,73.3,66.2,73.20,69.50,65.80,99 %,89 %,64 %,9.4 mph,1.4 mph,0.0 mph,29.62 in,29.47 in,0.00
1/3/2022,74.8,52.9,37.6,72.30,47.40,37.00,98 %,82 %,63 %,13.6 mph,1.4 mph,0.0 mph,29.86 in,29.41 in,0.12
1/4/2022,68.4,50.5,36.3,58.50,47.40,36.00,99 %,90 %,68 %,5.6 mph,0.1 mph,0.0 mph,29.87 in,29.69 in,0.00
1/5/2022,61.2,53.2,44.8,59.20,52.30,44.40,99 %,97 %,87 %,4.5 mph,0.1 mph,0.0 mph,29.70 in,29.55 in,0.00
1/6/2022,71.2,54.2,39.6,56.50,48.70,39.20,99 %,84 %,54 %,6.5 mph,0.3 mph,0.0 mph,29.64 in,29.51 in,0.00
1/7/2022,67.3,57.3,42.3,61.20,48.70,37.60,99 %,76 %,39 %,6.0 mph,0.3 mph,0.0 mph,29.87 in,29.54 in,0.00
1/8/2022,74.8,55.0,39.2,61.50,49.20,36.00,99 %,82 %,59 %,3.8 mph,0.2 mph,0.0 mph,30.01 in,29.86 in,0.00
1/9/2022,82.0,64.0,48.6,68.70,59.40,48.20,99 %,87 %,58 %,9.4 mph,0.2 mph,0.0 mph,29.98 in,29.79 in,0.00
1/10/2022,68.5,60.9,47.1,64.90,58.70,45.00,99 %,93 %,80 %,4.9 mph,0.3 mph,0.0 mph,29.91 in,29.68 in,0.03
1/11/2022,63.0,48.7,35.8,48.60,42.30,34.50,99 %,80 %,52 %,6.5 mph,0.3 mph,0.0 mph,29.99 in,29.89 in,0.00
1/12/2022,71.1,54.3,42.1,57.40,49.20,41.20,98 %,84 %,56 %,2.9 mph,0.1 mph,0.0 mph,29.94 in,29.70 in,0.00
1/13/2022,68.0,55.2,45.7,57.90,50.20,45.30,99 %,85 %,52 %,5.1 mph,0.3 mph,0.0 mph,29.70 in,29.45 in,0.00
1/14/2022,68.0,51.3,39.9,46.80,42.20,38.30,97 %,74 %,36 %,5.6 mph,0.3 mph,0.0 mph,29.59 in,29.46 in,0.00
1/15/2022,73.6,52.9,36.3,55.00,43.20,36.00,99 %,74 %,36 %,5.1 mph,0.2 mph,0.0 mph,29.68 in,29.45 in,0.01
1/16/2022,61.7,55.2,43.9,61.20,50.60,40.10,99 %,85 %,60 %,12.8 mph,1.4 mph,0.0 mph,29.45 in,29.18 in,1.32
1/17/2022,60.3,46.6,40.1,41.70,38.70,36.70,93 %,76 %,44 %,8.3 mph,1.1 mph,0.0 mph,29.68 in,29.41 in,0.00
1/18/2022,62.6,42.9,30.2,41.70,35.20,29.80,99 %,79 %,33 %,4.9 mph,0.2 mph,0.0 mph,29.82 in,29.67 in,0.00
1/19/2022,72.3,50.0,31.6,54.90,43.70,31.30,99 %,83 %,46 %,6.0 mph,0.2 mph,0.0 mph,29.86 in,29.71 in,0.00
1/20/2022,76.5,58.4,41.7,62.60,53.70,41.40,99 %,86 %,57 %,7.4 mph,0.5 mph,0.0 mph,29.73 in,29.59 in,0.00
1/21/2022,61.3,54.6,45.0,59.20,53.90,44.60,99 %,98 %,93 %,3.4 mph,0.0 mph,0.0 mph,29.79 in,29.61 in,0.10
1/22/2022,45.0,40.2,36.9,44.60,39.40,36.50,99 %,97 %,89 %,5.8 mph,0.2 mph,0.0 mph,29.87 in,29.73 in,0.03
1/23/2022,55.0,40.8,34.0,41.90,36.80,33.60,99 %,88 %,54 %,6.7 mph,0.3 mph,0.0 mph,29.81 in,29.58 in,0.01
1/24/2022,63.0,45.3,28.8,42.30,35.20,28.40,99 %,73 %,33 %,4.7 mph,0.2 mph,0.0 mph,29.66 in,29.52 in,0.01
1/25/2022,59.7,50.6,44.8,51.10,46.10,40.30,99 %,86 %,57 %,3.1 mph,0.0 mph,0.0 mph,29.67 in,29.54 in,0.10
1/26/2022,58.6,52.8,48.9,53.10,50.30,47.70,99 %,92 %,71 %,2.7 mph,0.0 mph,0.0 mph,29.75 in,29.60 in,0.06
1/27/2022,64.0,53.5,47.5,55.20,48.50,39.20,96 %,84 %,67 %,5.8 mph,0.3 mph,0.0 mph,29.82 in,29.69 in,0.01
1/28/2022,58.1,50.4,45.3,49.50,43.70,34.00,88 %,78 %,62 %,6.0 mph,0.3 mph,0.0 mph,29.74 in,29.47 in,0.00
1/29/2022,49.1,38.7,28.2,34.50,24.00,18.30,81 %,57 %,32 %,9.6 mph,1.0 mph,0.0 mph,29.83 in,29.61 in,0.00
1/30/2022,59.4,39.6,22.5,36.70,25.60,16.90,95 %,64 %,22 %,7.2 mph,0.5 mph,0.0 mph,29.90 in,29.73 in,0.00
1/31/2022,70.7,51.1,34.9,51.80,42.10,34.50,99 %,76 %,38 %,6.3 mph,0.4 mph,0.0 mph,29.81 in,29.68 in,0.00
2/1/2022,71.8,51.9,34.0,51.80,43.90,33.60,99 %,78 %,40 %,4.0 mph,0.1 mph,0.0 mph,29.85 in,29.74 in,0.00
2/2/2022,79.2,59.9,43.0,59.20,52.20,42.60,99 %,79 %,44 %,8.5 mph,0.2 mph,0.0 mph,29.79 in,29.64 in,0.00
2/3/2022,82.9,66.2,50.9,66.60,59.60,50.50,99 %,81 %,53 %,7.8 mph,0.4 mph,0.0 mph,29.74 in,29.63 in,0.00
2/4/2022,83.3,69.0,59.4,72.10,65.50,57.90,99 %,89 %,66 %,11.6 mph,1.0 mph,0.0 mph,29.77 in,29.63 in,0.37
2/5/2022,59.9,51.7,46.0,59.50,47.70,42.10,99 %,87 %,63 %,5.6 mph,0.3 mph,0.0 mph,29.88 in,29.73 in,0.05
2/6/2022,49.6,48.2,44.4,48.90,46.90,44.10,99 %,96 %,91 %,4.3 mph,0.2 mph,0.0 mph,29.84 in,29.73 in,0.05
2/7/2022,50.7,48.3,43.3,48.70,47.10,43.00,99 %,96 %,91 %,3.4 mph,0.1 mph,0.0 mph,29.77 in,29.67 in,0.05
2/8/2022,53.8,48.3,45.5,50.40,47.40,45.00,99 %,97 %,83 %,0.7 mph,0.0 mph,0.0 mph,29.75 in,29.66 in,0.86
2/9/2022,66.6,47.8,36.1,45.50,40.10,35.80,99 %,79 %,35 %,6.0 mph,0.3 mph,0.0 mph,29.72 in,29.60 in,0.00
2/10/2022,72.0,49.5,32.4,45.70,38.90,32.00,99 %,74 %,30 %,4.5 mph,0.2 mph,0.0 mph,29.76 in,29.62 in,0.00
2/11/2022,74.5,53.5,38.1,52.00,44.30,37.80,99 %,76 %,37 %,4.9 mph,0.2 mph,0.0 mph,29.73 in,29.60 in,0.00
2/12/2022,75.7,58.9,47.7,64.20,54.80,46.40,99 %,88 %,51 %,3.6 mph,0.1 mph,0.0 mph,29.71 in,29.61 in,0.04
2/13/2022,71.1,58.5,41.4,60.80,52.40,29.50,99 %,82 %,46 %,6.3 mph,0.5 mph,0.0 mph,29.80 in,29.55 in,0.27
2/14/2022,63.7,45.9,32.0,38.80,30.60,25.00,91 %,59 %,27 %,5.6 mph,0.4 mph,0.0 mph,29.98 in,29.78 in,0.00
2/15/2022,67.1,49.3,32.0,52.00,42.10,31.60,99 %,79 %,47 %,3.4 mph,0.2 mph,0.0 mph,30.09 in,29.95 in,0.00
2/16/2022,78.8,60.3,44.1,63.30,54.80,43.50,99 %,84 %,55 %,6.5 mph,0.4 mph,0.0 mph,30.03 in,29.87 in,0.00
2/17/2022,85.5,68.8,53.8,71.40,63.30,53.40,99 %,84 %,53 %,10.5 mph,0.6 mph,0.0 mph,29.89 in,29.60 in,0.00
2/18/2022,78.6,71.2,64.6,73.80,68.70,59.00,99 %,92 %,80 %,8.7 mph,0.9 mph,0.0 mph,29.69 in,29.58 in,0.00
2/19/2022,69.4,57.6,41.4,59.70,41.80,29.30,87 %,59 %,24 %,6.5 mph,0.6 mph,0.0 mph,29.89 in,29.66 in,0.00
2/20/2022,76.3,54.5,34.3,56.50,45.60,33.80,99 %,75 %,45 %,5.1 mph,0.2 mph,0.0 mph,29.92 in,29.81 in,0.00
2/21/2022,83.5,64.0,47.3,63.50,55.60,46.90,99 %,78 %,43 %,6.9 mph,0.2 mph,0.0 mph,29.87 in,29.76 in,0.00
2/22/2022,86.4,68.4,53.4,67.30,61.20,53.10,99 %,80 %,49 %,6.9 mph,0.3 mph,0.0 mph,29.86 in,29.75 in,0.00
2/23/2022,87.3,69.7,56.8,71.80,64.40,56.50,99 %,85 %,54 %,6.0 mph,0.3 mph,0.0 mph,29.86 in,29.71 in,0.00
2/24/2022,87.6,70.1,56.1,70.20,63.50,55.80,99 %,82 %,52 %,6.0 mph,0.3 mph,0.0 mph,29.82 in,29.70 in,0.00
2/25/2022,88.3,70.4,56.3,70.30,63.10,55.90,99 %,80 %,47 %,6.7 mph,0.6 mph,0.0 mph,29.84 in,29.74 in,0.00
2/26/2022,86.7,68.6,54.7,69.30,62.00,54.30,99 %,82 %,52 %,4.0 mph,0.2 mph,0.0 mph,29.88 in,29.73 in,0.00
2/27/2022,85.5,70.4,60.6,70.70,63.50,59.00,99 %,81 %,46 %,6.9 mph,0.6 mph,0.0 mph,29.78 in,29.58 in,0.00
2/28/2022,63.3,58.0,52.2,61.30,56.60,48.90,99 %,95 %,87 %,3.8 mph,0.1 mph,0.0 mph,29.68 in,29.57 in,0.09
3/1/2022,75.6,58.5,45.9,58.60,49.30,44.20,96 %,74 %,38 %,6.3 mph,0.3 mph,0.0 mph,29.70 in,29.61 in,0.00
3/2/2022,81.9,58.2,38.8,51.40,44.10,38.50,99 %,67 %,24 %,4.5 mph,0.2 mph,0.0 mph,29.76 in,29.65 in,0.00
3/3/2022,83.7,60.2,39.4,52.90,45.60,39.00,99 %,67 %,25 %,4.9 mph,0.3 mph,0.0 mph,29.80 in,29.67 in,0.00
3/4/2022,87.1,64.1,44.6,58.60,49.00,41.90,99 %,67 %,22 %,6.7 mph,0.2 mph,0.0 mph,29.88 in,29.74 in,0.00
3/5/2022,86.4,70.6,57.4,67.80,62.40,56.80,99 %,78 %,43 %,5.1 mph,0.3 mph,0.0 mph,29.93 in,29.81 in,0.00
3/6/2022,88.5,70.4,54.1,67.60,60.60,53.80,99 %,76 %,35 %,6.9 mph,0.4 mph,0.0 mph,29.90 in,29.74 in,0.00
3/7/2022,89.4,71.6,57.0,71.20,64.90,56.70,99 %,82 %,49 %,7.6 mph,0.7 mph,0.0 mph,29.78 in,29.60 in,0.00
3/8/2022,88.7,74.0,64.9,75.00,69.30,63.70,99 %,87 %,50 %,5.8 mph,0.3 mph,0.0 mph,29.66 in,29.48 in,0.02
3/9/2022,83.8,70.3,64.6,75.40,68.80,64.20,99 %,95 %,73 %,8.9 mph,0.5 mph,0.0 mph,29.58 in,29.47 in,0.99
3/10/2022,71.2,64.5,61.7,68.90,63.90,61.30,99 %,98 %,90 %,3.1 mph,0.0 mph,0.0 mph,29.63 in,29.49 in,1.98
3/11/2022,68.4,65.2,61.2,68.00,64.80,60.80,99 %,99 %,99 %,6.0 mph,0.0 mph,0.0 mph,29.61 in,29.39 in,4.00
3/12/2022,72.5,58.5,39.4,71.80,49.90,24.40,99 %,76 %,35 %,15.9 mph,1.8 mph,0.0 mph,29.88 in,29.21 in,0.99
3/13/2022,61.7,45.1,30.4,43.50,32.20,18.30,92 %,63 %,37 %,6.0 mph,0.4 mph,0.0 mph,30.03 in,29.87 in,0.00
3/14/2022,73.8,56.7,40.5,60.40,50.80,39.70,99 %,83 %,55 %,4.3 mph,0.3 mph,0.0 mph,30.00 in,29.84 in,0.00
3/15/2022,72.7,61.1,54.1,66.90,59.90,53.10,99 %,96 %,79 %,9.2 mph,0.2 mph,0.0 mph,29.90 in,29.56 in,0.91
3/16/2022,81.3,68.2,59.5,70.00,64.00,58.50,99 %,88 %,56 %,6.5 mph,0.5 mph,0.0 mph,29.63 in,29.47 in,0.00
3/17/2022,82.2,67.1,57.0,62.20,59.20,55.60,99 %,79 %,41 %,6.0 mph,0.5 mph,0.0 mph,29.63 in,29.51 in,0.00
3/18/2022,87.4,67.2,53.2,71.40,60.30,51.60,99 %,82 %,35 %,10.7 mph,0.7 mph,0.0 mph,29.72 in,29.56 in,0.00
3/19/2022,85.5,70.8,59.2,73.40,65.90,58.60,99 %,85 %,64 %,9.6 mph,0.8 mph,0.0 mph,29.71 in,29.56 in,0.48
3/20/2022,76.3,62.3,48.7,67.10,51.50,39.60,99 %,73 %,29 %,8.5 mph,0.4 mph,0.0 mph,29.82 in,29.61 in,0.25
3/21/2022,80.8,60.3,41.5,59.00,50.40,41.20,99 %,75 %,40 %,4.0 mph,0.3 mph,0.0 mph,29.84 in,29.72 in,0.00
3/22/2022,84.0,67.1,50.9,65.80,58.10,50.50,99 %,76 %,42 %,7.6 mph,0.4 mph,0.0 mph,29.76 in,29.52 in,0.00
3/23/2022,76.6,70.1,66.7,73.90,68.20,63.90,99 %,94 %,80 %,7.2 mph,0.2 mph,0.0 mph,29.60 in,29.43 in,0.46
3/24/2022,68.7,62.8,55.8,68.40,62.50,55.40,99 %,99 %,99 %,1.6 mph,0.0 mph,0.0 mph,29.58 in,29.46 in,2.09
3/25/2022,75.0,61.6,51.1,60.80,53.50,43.50,99 %,79 %,35 %,8.3 mph,0.7 mph,0.0 mph,29.60 in,29.45 in,0.03
3/26/2022,77.9,61.1,47.5,54.70,49.60,45.90,99 %,71 %,34 %,8.1 mph,0.7 mph,0.0 mph,29.62 in,29.46 in,0.00
3/27/2022,80.1,62.6,48.0,53.80,46.70,38.30,96 %,62 %,27 %,6.0 mph,0.5 mph,0.0 mph,29.68 in,29.56 in,0.00
3/28/2022,84.7,67.5,54.7,66.00,60.00,50.40,99 %,80 %,47 %,6.7 mph,0.5 mph,0.0 mph,29.72 in,29.61 in,0.00
3/29/2022,87.1,69.2,57.9,69.60,62.00,57.60,99 %,81 %,42 %,4.0 mph,0.2 mph,0.0 mph,29.77 in,29.64 in,0.00
3/30/2022,87.3,71.5,58.8,69.60,63.70,58.50,99 %,79 %,43 %,6.9 mph,0.5 mph,0.0 mph,29.69 in,29.47 in,0.00
4/1/2022,84.4,69.3,58.6,66.60,61.90,55.60,99 %,81 %,40 %,5.8 mph,0.2 mph,0.0 mph,29.61 in,29.44 in,0.01
4/2/2022,65.7,59.2,54.1,65.30,58.80,53.80,99 %,99 %,95 %,1.8 mph,0.0 mph,0.0 mph,29.66 in,29.48 in,0.82
4/3/2022,81.0,64.1,54.1,62.40,56.30,52.00,99 %,80 %,41 %,4.7 mph,0.3 mph,0.0 mph,29.58 in,29.46 in,0.00
4/4/2022,85.8,66.0,49.1,67.10,58.30,48.70,99 %,80 %,40 %,5.4 mph,0.2 mph,0.0 mph,29.58 in,29.47 in,0.00
4/5/2022,88.2,73.1,60.8,74.80,68.00,60.30,99 %,86 %,55 %,11.6 mph,1.0 mph,0.0 mph,29.53 in,29.36 in,0.00
4/6/2022,82.9,75.3,68.9,78.30,73.40,68.50,99 %,94 %,81 %,8.1 mph,0.6 mph,0.0 mph,29.47 in,29.37 in,0.09
4/7/2022,85.3,75.5,60.3,77.70,70.70,56.50,99 %,86 %,57 %,12.3 mph,0.8 mph,0.0 mph,29.43 in,29.27 in,0.16
4/8/2022,72.7,61.2,49.1,58.80,47.70,39.90,97 %,64 %,34 %,9.2 mph,1.0 mph,0.0 mph,29.57 in,29.41 in,0.00
4/9/2022,67.5,55.7,43.0,48.60,40.40,31.80,91 %,60 %,29 %,8.5 mph,0.7 mph,0.0 mph,29.69 in,29.51 in,0.00
4/10/2022,79.5,57.0,37.9,53.10,43.60,37.60,99 %,69 %,26 %,5.6 mph,0.2 mph,0.0 mph,29.78 in,29.65 in,0.00
4/11/2022,84.4,63.0,43.5,59.90,52.40,43.20,99 %,74 %,34 %,6.0 mph,0.2 mph,0.0 mph,29.78 in,29.68 in,0.00
4/12/2022,86.7,69.8,56.1,68.00,61.10,55.00,99 %,77 %,43 %,5.1 mph,0.3 mph,0.0 mph,29.79 in,29.65 in,0.00
4/13/2022,85.5,70.8,56.7,69.10,63.70,56.30,99 %,80 %,50 %,7.6 mph,0.3 mph,0.0 mph,29.72 in,29.54 in,0.00
4/14/2022,82.9,72.0,62.4,73.60,67.70,62.10,99 %,87 %,65 %,6.0 mph,0.3 mph,0.0 mph,29.64 in,29.53 in,0.00
4/15/2022,86.4,72.2,64.0,70.90,66.70,63.10,99 %,84 %,53 %,4.9 mph,0.3 mph,0.0 mph,29.70 in,29.60 in,0.00
4/16/2022,89.8,73.3,59.7,75.40,67.80,59.40,99 %,85 %,54 %,4.7 mph,0.2 mph,0.0 mph,29.67 in,29.52 in,0.00
4/17/2022,89.8,72.9,65.8,75.90,69.50,65.50,99 %,90 %,54 %,8.5 mph,0.2 mph,0.0 mph,29.60 in,29.47 in,0.07
4/18/2022,86.2,72.7,64.2,72.10,67.00,62.20,99 %,84 %,56 %,6.5 mph,0.4 mph,0.0 mph,29.56 in,29.44 in,0.01
4/19/2022,77.0,63.1,48.9,63.70,48.60,40.50,94 %,63 %,28 %,5.6 mph,0.5 mph,0.0 mph,29.77 in,29.55 in,0.00
4/20/2022,80.6,61.4,44.2,62.10,53.40,43.70,99 %,78 %,48 %,5.1 mph,0.2 mph,0.0 mph,29.88 in,29.76 in,0.00
4/21/2022,81.0,66.5,54.7,64.80,59.00,54.30,99 %,79 %,50 %,2.5 mph,0.2 mph,0.0 mph,29.94 in,29.84 in,0.00
4/22/2022,81.7,67.7,57.0,66.40,61.20,56.70,99 %,82 %,54 %,4.0 mph,0.2 mph,0.0 mph,29.92 in,29.82 in,0.00
4/23/2022,84.2,68.8,56.5,67.30,61.40,56.10,99 %,80 %,49 %,4.5 mph,0.1 mph,0.0 mph,29.85 in,29.72 in,0.00
4/24/2022,87.3,71.5,58.5,71.10,64.80,58.10,99 %,82 %,50 %,6.3 mph,0.1 mph,0.0 mph,29.78 in,29.66 in,0.00
4/25/2022,90.0,72.9,58.8,71.10,64.90,58.50,99 %,79 %,44 %,4.9 mph,0.2 mph,0.0 mph,29.75 in,29.63 in,0.00
4/26/2022,88.7,72.2,59.7,72.10,66.10,59.40,99 %,84 %,50 %,9.4 mph,0.4 mph,0.0 mph,29.74 in,29.61 in,0.00
4/27/2022,89.4,72.9,62.4,71.80,66.00,62.10,99 %,82 %,47 %,4.5 mph,0.3 mph,0.0 mph,29.68 in,29.54 in,0.01
4/28/2022,83.5,70.6,60.3,65.70,60.50,53.80,99 %,74 %,40 %,4.3 mph,0.3 mph,0.0 mph,29.70 in,29.60 in,0.00
4/29/2022,85.1,68.7,53.2,66.60,60.20,52.90,99 %,77 %,45 %,3.4 mph,0.2 mph,0.0 mph,29.70 in,29.58 in,0.00
4/30/2022,87.3,71.9,60.6,70.70,65.20,59.90,99 %,82 %,49 %,4.0 mph,0.1 mph,0.0 mph,29.67 in,29.56 in,0.25
5/1/2022,90.0,70.7,60.1,73.40,65.60,59.70,99 %,87 %,47 %,7.8 mph,0.2 mph,0.0 mph,29.69 in,29.57 in,0.08
5/2/2022,90.9,73.5,61.0,75.70,67.40,60.60,99 %,84 %,48 %,4.3 mph,0.2 mph,0.0 mph,29.70 in,29.58 in,0.00
5/3/2022,90.1,75.8,65.8,75.70,70.20,65.50,99 %,85 %,53 %,4.7 mph,0.3 mph,0.0 mph,29.69 in,29.56 in,1.38
5/4/2022,91.4,74.9,62.4,76.10,68.80,62.10,99 %,84 %,47 %,5.4 mph,0.2 mph,0.0 mph,29.68 in,29.54 in,0.07
5/5/2022,93.4,77.8,65.3,76.60,69.60,64.90,99 %,79 %,46 %,6.0 mph,0.3 mph,0.0 mph,29.64 in,29.50 in,0.00
5/6/2022,88.9,74.9,64.2,75.70,70.40,63.90,99 %,87 %,56 %,9.2 mph,0.7 mph,0.0 mph,29.56 in,29.35 in,0.31
5/7/2022,86.7,75.9,66.6,73.40,67.20,61.70,99 %,77 %,46 %,13.2 mph,1.3 mph,0.0 mph,29.38 in,29.26 in,0.01
5/8/2022,87.4,72.7,59.4,68.40,63.30,59.00,99 %,75 %,43 %,8.3 mph,0.4 mph,0.0 mph,29.54 in,29.34 in,0.00
5/9/2022,81.7,69.5,58.8,66.90,62.30,58.30,99 %,80 %,53 %,5.4 mph,0.2 mph,0.0 mph,29.71 in,29.52 in,0.00
5/10/2022,82.9,66.7,52.2,63.00,56.60,51.80,99 %,75 %,35 %,7.4 mph,0.4 mph,0.0 mph,29.76 in,29.63 in,0.00
5/11/2022,85.8,68.1,51.3,64.00,57.50,50.90,99 %,74 %,38 %,6.9 mph,0.4 mph,0.0 mph,29.70 in,29.55 in,0.00
5/12/2022,83.7,68.4,55.0,70.00,61.70,54.70,99 %,82 %,48 %,6.5 mph,0.1 mph,0.0 mph,29.63 in,29.48 in,0.53
5/13/2022,82.8,69.0,62.1,74.30,66.50,61.70,99 %,93 %,60 %,5.1 mph,0.1 mph,0.0 mph,29.60 in,29.48 in,0.07
5/14/2022,89.6,72.7,60.3,75.00,66.70,59.90,99 %,84 %,48 %,6.0 mph,0.2 mph,0.0 mph,29.58 in,29.46 in,0.01
5/15/2022,90.7,73.9,65.7,75.00,69.40,65.30,99 %,88 %,48 %,9.4 mph,0.3 mph,0.0 mph,29.55 in,29.42 in,0.48
5/16/2022,87.3,73.4,61.7,76.10,68.40,61.30,99 %,86 %,58 %,7.4 mph,0.4 mph,0.0 mph,29.52 in,29.42 in,0.00
5/17/2022,92.8,77.2,67.3,78.60,71.90,66.90,99 %,86 %,48 %,8.1 mph,0.2 mph,0.0 mph,29.58 in,29.47 in,0.00
5/18/2022,95.7,80.3,68.7,77.00,70.80,65.50,99 %,77 %,38 %,6.7 mph,0.2 mph,0.0 mph,29.62 in,29.50 in,0.00
5/19/2022,92.8,78.0,67.3,77.40,71.70,66.90,99 %,83 %,52 %,5.8 mph,0.3 mph,0.0 mph,29.60 in,29.46 in,0.00
5/20/2022,91.9,77.2,66.4,79.20,71.90,66.00,99 %,85 %,55 %,5.1 mph,0.3 mph,0.0 mph,29.69 in,29.51 in,0.01
5/21/2022,88.9,75.0,68.4,81.10,72.30,67.80,99 %,92 %,71 %,6.7 mph,0.4 mph,0.0 mph,29.84 in,29.64 in,0.45
5/22/2022,89.6,75.5,67.1,81.90,72.90,66.70,99 %,92 %,69 %,7.6 mph,0.2 mph,0.0 mph,29.81 in,29.68 in,0.08
5/23/2022,91.6,78.4,69.3,80.10,73.70,68.90,99 %,87 %,59 %,6.0 mph,0.2 mph,0.0 mph,29.73 in,29.58 in,0.00
5/24/2022,92.7,79.0,69.6,80.20,73.70,69.30,99 %,85 %,54 %,4.7 mph,0.1 mph,0.0 mph,29.66 in,29.54 in,0.00
5/25/2022,89.8,78.3,68.5,77.50,72.20,68.20,99 %,83 %,54 %,5.4 mph,0.2 mph,0.0 mph,29.69 in,29.60 in,0.00
5/26/2022,90.0,77.9,69.3,78.60,73.70,68.90,99 %,88 %,61 %,6.5 mph,0.3 mph,0.0 mph,29.70 in,29.56 in,0.24
5/27/2022,82.9,74.6,68.4,77.70,72.60,68.00,99 %,94 %,78 %,8.7 mph,0.6 mph,0.0 mph,29.58 in,29.46 in,0.13
5/28/2022,90.1,76.2,64.4,76.10,68.70,62.80,99 %,80 %,51 %,5.8 mph,0.4 mph,0.0 mph,29.53 in,29.43 in,0.01
5/29/2022,94.3,77.2,63.0,74.10,67.70,61.20,99 %,76 %,39 %,5.4 mph,0.2 mph,0.0 mph,29.60 in,29.48 in,0.00
5/30/2022,93.6,76.8,64.4,77.90,69.70,61.50,99 %,80 %,51 %,5.8 mph,0.2 mph,0.0 mph,29.67 in,29.53 in,0.00
5/31/2022,91.2,76.3,66.4,79.50,71.50,66.00,99 %,86 %,56 %,4.3 mph,0.1 mph,0.0 mph,29.66 in,29.57 in,0.00
6/1/2022,92.3,76.5,64.6,75.00,69.50,64.20,99 %,82 %,50 %,6.0 mph,0.2 mph,0.0 mph,29.63 in,29.48 in,0.00
6/2/2022,95.0,86.4,73.6,73.00,69.50,64.90,89 %,59 %,39 %,6.3 mph,0.3 mph,0.0 mph,29.49 in,29.39 in,0.00
6/3/2022,96.1,79.3,66.2,77.40,71.70,65.80,99 %,80 %,45 %,4.7 mph,0.2 mph,0.0 mph,29.47 in,29.32 in,0.00
6/4/2022,93.0,78.7,66.9,76.60,70.90,66.60,99 %,80 %,46 %,5.6 mph,0.3 mph,0.0 mph,29.41 in,29.25 in,0.00
6/5/2022,92.5,76.7,67.5,79.00,72.60,67.10,99 %,88 %,56 %,4.7 mph,0.2 mph,0.0 mph,29.47 in,29.28 in,0.06
6/6/2022,92.5,76.0,67.6,79.50,72.60,67.30,99 %,91 %,54 %,5.1 mph,0.1 mph,0.0 mph,29.54 in,29.41 in,1.57
6/7/2022,93.6,77.5,66.0,80.40,72.60,65.70,99 %,87 %,53 %,5.4 mph,0.2 mph,0.0 mph,29.58 in,29.47 in,0.01
6/8/2022,95.0,81.4,69.4,80.80,74.20,69.10,99 %,81 %,52 %,5.6 mph,0.3 mph,0.0 mph,29.59 in,29.46 in,0.00
6/9/2022,93.2,80.1,72.5,79.70,74.50,71.80,99 %,85 %,55 %,5.6 mph,0.5 mph,0.0 mph,29.58 in,29.45 in,0.02
6/10/2022,91.8,78.1,72.1,81.00,75.10,71.60,99 %,91 %,63 %,8.5 mph,0.4 mph,0.0 mph,29.51 in,29.41 in,0.02
6/11/2022,91.0,80.0,72.7,81.50,76.30,72.30,99 %,89 %,65 %,8.9 mph,0.5 mph,0.0 mph,29.51 in,29.41 in,0.09
6/12/2022,86.4,77.8,71.2,80.80,75.60,70.90,99 %,93 %,77 %,8.5 mph,0.5 mph,0.0 mph,29.60 in,29.48 in,0.08
6/13/2022,93.4,81.9,73.2,83.30,77.50,72.90,99 %,88 %,61 %,6.0 mph,0.5 mph,0.0 mph,29.68 in,29.58 in,0.01
6/14/2022,96.8,81.2,70.7,84.40,76.90,70.30,99 %,88 %,55 %,6.0 mph,0.3 mph,0.0 mph,29.67 in,29.54 in,0.90
6/15/2022,96.8,80.9,69.4,84.90,76.50,69.10,99 %,88 %,59 %,0.2 mph,0.0 mph,0.0 mph,29.64 in,29.56 in,0.00
6/16/2022,97.7,84.4,74.8,84.40,78.50,74.50,99 %,84 %,57 %,4.7 mph,0.1 mph,0.0 mph,29.69 in,29.59 in,0.00
6/17/2022,98.2,82.6,71.2,80.40,74.50,65.30,99 %,80 %,42 %,3.6 mph,0.1 mph,0.0 mph,29.71 in,29.50 in,0.00
6/18/2022,94.6,82.3,72.9,82.60,76.80,71.40,99 %,85 %,59 %,4.9 mph,0.3 mph,0.0 mph,29.55 in,29.39 in,0.00
6/19/2022,91.8,78.0,72.0,83.80,76.00,71.10,99 %,94 %,70 %,6.0 mph,0.1 mph,0.0 mph,29.65 in,29.46 in,1.01
6/20/2022,92.1,80.5,71.6,81.00,75.50,70.50,99 %,86 %,60 %,2.9 mph,0.0 mph,0.0 mph,29.78 in,29.64 in,0.00
6/21/2022,91.9,77.7,65.5,76.80,70.40,65.10,99 %,81 %,45 %,3.4 mph,0.1 mph,0.0 mph,29.79 in,29.66 in,0.00
6/22/2022,96.6,81.3,69.6,81.30,73.80,67.60,97 %,80 %,50 %,4.3 mph,0.1 mph,0.0 mph,29.69 in,29.49 in,0.00
6/23/2022,101.7,86.0,75.6,84.70,77.00,67.30,99 %,78 %,33 %,8.5 mph,0.4 mph,0.0 mph,29.52 in,29.34 in,0.00
6/24/2022,98.1,80.5,71.2,84.90,76.80,70.90,99 %,90 %,57 %,6.5 mph,0.2 mph,0.0 mph,29.58 in,29.38 in,0.08
6/25/2022,93.0,79.1,70.0,81.50,74.00,69.60,99 %,86 %,53 %,0.0 mph,0.0 mph,0.0 mph,29.67 in,29.53 in,0.00
6/26/2022,92.3,78.1,66.9,77.50,71.40,66.00,99 %,82 %,51 %,0.0 mph,0.0 mph,0.0 mph,29.68 in,29.57 in,0.00
6/27/2022,90.5,77.3,63.7,81.00,72.50,63.30,99 %,86 %,65 %,4.0 mph,0.1 mph,0.0 mph,29.67 in,29.54 in,0.00
6/28/2022,96.6,80.9,71.2,81.10,75.50,70.90,99 %,85 %,52 %,5.6 mph,0.1 mph,0.0 mph,29.70 in,29.59 in,0.00
6/29/2022,97.3,81.0,71.6,79.20,74.50,71.20,99 %,84 %,46 %,7.6 mph,0.2 mph,0.0 mph,29.78 in,29.65 in,0.09
7/1/2022,91.0,77.3,69.8,81.50,74.50,69.40,99 %,92 %,68 %,6.9 mph,0.1 mph,0.0 mph,29.69 in,29.58 in,0.31
7/2/2022,89.2,78.7,71.2,82.90,75.50,70.90,99 %,91 %,69 %,8.1 mph,0.3 mph,0.0 mph,29.66 in,29.58 in,0.00
7/3/2022,88.9,78.3,71.8,82.40,76.40,71.40,99 %,94 %,74 %,5.8 mph,0.1 mph,0.0 mph,29.73 in,29.61 in,0.22
7/4/2022,96.4,81.9,71.8,82.90,76.30,71.40,99 %,85 %,55 %,4.3 mph,0.1 mph,0.0 mph,29.71 in,29.59 in,1.28
7/5/2022,94.8,78.4,72.3,84.20,76.10,72.00,99 %,94 %,62 %,1.8 mph,0.0 mph,0.0 mph,29.69 in,29.57 in,1.83
7/6/2022,97.2,82.3,72.5,84.00,77.50,72.10,99 %,87 %,55 %,4.0 mph,0.2 mph,0.0 mph,29.64 in,29.52 in,0.00
7/7/2022,97.0,82.8,73.9,84.70,77.80,73.60,99 %,86 %,59 %,6.0 mph,0.2 mph,0.0 mph,29.63 in,29.54 in,0.00
7/8/2022,91.9,78.5,73.8,83.80,76.30,73.40,99 %,93 %,73 %,8.3 mph,0.1 mph,0.0 mph,29.68 in,29.59 in,0.05
7/9/2022,90.9,78.2,73.2,84.20,76.20,72.90,99 %,94 %,72 %,7.6 mph,0.2 mph,0.0 mph,29.68 in,29.57 in,1.00
7/10/2022,88.0,77.7,73.9,83.10,76.30,73.60,99 %,96 %,79 %,8.1 mph,0.3 mph,0.0 mph,29.60 in,29.46 in,0.08
7/11/2022,90.7,78.2,73.6,84.70,76.50,73.20,99 %,95 %,73 %,5.8 mph,0.1 mph,0.0 mph,29.54 in,29.43 in,0.24
7/12/2022,93.4,80.6,72.0,83.10,76.90,71.60,99 %,90 %,62 %,7.8 mph,0.4 mph,0.0 mph,29.60 in,29.48 in,0.03
7/13/2022,93.6,81.8,72.3,83.30,77.10,72.00,99 %,87 %,60 %,6.5 mph,0.4 mph,0.0 mph,29.68 in,29.58 in,0.00
7/14/2022,95.5,80.2,72.7,82.40,75.80,72.30,99 %,88 %,55 %,5.4 mph,0.2 mph,0.0 mph,29.74 in,29.61 in,0.24
7/15/2022,92.5,79.0,69.4,81.30,74.20,69.10,99 %,87 %,57 %,6.7 mph,0.1 mph,0.0 mph,29.74 in,29.60 in,0.06
7/16/2022,89.4,75.5,71.2,80.10,73.70,70.50,99 %,94 %,70 %,0.0 mph,0.0 mph,0.0 mph,29.71 in,29.59 in,0.02
7/17/2022,93.0,79.0,70.5,82.80,74.90,70.20,99 %,89 %,61 %,6.9 mph,0.2 mph,0.0 mph,29.63 in,29.54 in,0.00
7/18/2022,88.0,79.3,72.9,82.20,76.90,72.50,99 %,93 %,77 %,8.3 mph,0.5 mph,0.0 mph,29.66 in,29.58 in,0.00
7/19/2022,89.4,78.2,72.7,83.10,76.70,72.30,99 %,95 %,76 %,5.8 mph,0.1 mph,0.0 mph,29.70 in,29.60 in,1.51
7/20/2022,91.4,78.5,72.3,82.40,75.50,71.60,99 %,92 %,65 %,8.7 mph,0.4 mph,0.0 mph,29.66 in,29.58 in,0.01
7/21/2022,93.2,79.7,70.3,82.20,75.60,70.00,99 %,89 %,61 %,6.7 mph,0.3 mph,0.0 mph,29.66 in,29.55 in,0.00
7/22/2022,95.9,80.1,71.8,85.60,75.70,71.40,99 %,88 %,58 %,8.5 mph,0.1 mph,0.0 mph,29.71 in,29.59 in,1.56
7/23/2022,95.0,77.7,70.3,84.40,74.80,70.00,99 %,92 %,61 %,5.1 mph,0.2 mph,0.0 mph,29.73 in,29.65 in,0.04
7/24/2022,89.6,75.3,70.7,82.40,73.80,70.30,99 %,96 %,72 %,5.8 mph,0.1 mph,0.0 mph,29.74 in,29.64 in,1.02
7/25/2022,95.2,79.3,69.1,82.60,74.90,68.70,99 %,88 %,54 %,0.7 mph,0.0 mph,0.0 mph,29.73 in,29.63 in,0.00
7/26/2022,95.7,79.6,71.6,83.30,75.30,71.20,99 %,89 %,56 %,4.7 mph,0.0 mph,0.0 mph,29.75 in,29.63 in,1.39
7/27/2022,92.3,79.3,69.1,83.10,75.00,68.70,99 %,88 %,60 %,6.5 mph,0.4 mph,0.0 mph,29.73 in,29.63 in,0.01
7/28/2022,93.9,81.1,70.7,84.20,76.50,70.30,99 %,87 %,62 %,6.3 mph,0.3 mph,0.0 mph,29.71 in,29.62 in,0.00
7/29/2022,95.4,82.1,72.9,83.80,77.50,72.50,99 %,87 %,59 %,5.8 mph,0.2 mph,0.0 mph,29.73 in,29.62 in,0.00
7/30/2022,96.4,82.6,72.1,83.80,77.10,71.80,99 %,85 %,54 %,4.0 mph,0.1 mph,0.0 mph,29.78 in,29.67 in,0.00
7/31/2022,97.3,82.8,71.4,80.60,75.40,70.00,99 %,81 %,44 %,4.9 mph,0.1 mph,0.0 mph,29.80 in,29.69 in,0.00
8/1/2022,98.1,83.3,73.6,83.30,77.50,73.20,99 %,84 %,52 %,5.4 mph,0.1 mph,0.0 mph,29.78 in,29.65 in,0.00
8/2/2022,96.4,83.5,72.7,81.90,76.50,72.30,99 %,81 %,51 %,4.9 mph,0.3 mph,0.0 mph,29.71 in,29.57 in,0.00
8/3/2022,95.9,80.4,71.4,83.10,76.10,71.10,99 %,88 %,56 %,7.4 mph,0.2 mph,0.0 mph,29.66 in,29.54 in,0.45
8/4/2022,95.0,79.9,69.8,82.90,74.90,69.40,99 %,87 %,51 %,5.6 mph,0.1 mph,0.0 mph,29.70 in,29.58 in,0.01
8/5/2022,94.8,80.6,71.8,83.30,76.70,71.40,99 %,89 %,63 %,2.9 mph,0.0 mph,0.0 mph,29.73 in,29.64 in,0.00
8/6/2022,91.4,79.5,73.6,82.00,76.90,73.20,99 %,93 %,68 %,4.0 mph,0.0 mph,0.0 mph,29.78 in,29.67 in,0.01
8/7/2022,95.0,79.6,72.0,81.00,75.70,71.60,99 %,89 %,57 %,5.8 mph,0.0 mph,0.0 mph,29.77 in,29.67 in,0.00
8/8/2022,93.0,77.3,70.0,81.30,73.90,69.60,99 %,91 %,60 %,5.8 mph,0.1 mph,0.0 mph,29.74 in,29.64 in,0.00
8/9/2022,95.2,79.9,70.2,82.00,75.10,69.80,99 %,87 %,58 %,4.5 mph,0.1 mph,0.0 mph,29.76 in,29.63 in,0.12
8/10/2022,94.1,80.6,72.7,83.50,77.10,72.30,99 %,90 %,62 %,3.4 mph,0.1 mph,0.0 mph,29.78 in,29.65 in,0.01
8/11/2022,86.5,76.4,71.1,80.60,74.70,70.30,99 %,95 %,69 %,5.8 mph,0.1 mph,0.0 mph,29.75 in,29.62 in,0.12
8/12/2022,93.7,79.9,72.3,81.30,74.60,71.40,99 %,86 %,51 %,7.6 mph,0.4 mph,0.0 mph,29.68 in,29.54 in,0.00
8/13/2022,87.3,76.3,71.8,80.60,74.60,71.40,99 %,95 %,78 %,4.9 mph,0.1 mph,0.0 mph,29.63 in,29.55 in,0.25
8/14/2022,91.2,79.1,71.4,77.70,73.20,69.40,99 %,84 %,52 %,4.0 mph,0.1 mph,0.0 mph,29.61 in,29.50 in,0.00
8/15/2022,93.0,77.3,65.5,75.70,70.20,65.10,99 %,82 %,46 %,5.4 mph,0.1 mph,0.0 mph,29.57 in,29.44 in,0.00
8/16/2022,91.6,77.3,69.4,82.00,74.50,69.10,99 %,92 %,65 %,7.4 mph,0.2 mph,0.0 mph,29.52 in,29.44 in,0.11
8/17/2022,95.7,80.0,72.5,83.30,76.10,72.10,99 %,90 %,57 %,6.3 mph,0.1 mph,0.0 mph,29.55 in,29.43 in,0.55
8/18/2022,89.4,75.2,69.6,83.50,74.00,69.30,99 %,97 %,77 %,4.0 mph,0.0 mph,0.0 mph,29.57 in,29.48 in,0.62
8/19/2022,92.1,77.4,70.3,83.80,75.30,70.00,99 %,94 %,67 %,5.6 mph,0.1 mph,0.0 mph,29.68 in,29.53 in,0.00
8/20/2022,95.5,80.2,71.4,84.00,76.10,71.10,99 %,89 %,57 %,4.9 mph,0.1 mph,0.0 mph,29.75 in,29.62 in,1.77
8/21/2022,95.0,77.0,70.3,84.40,74.30,70.00,99 %,93 %,58 %,9.8 mph,0.2 mph,0.0 mph,29.71 in,29.58 in,0.31
8/22/2022,91.2,76.2,71.8,83.70,74.60,71.40,99 %,95 %,71 %,8.9 mph,0.2 mph,0.0 mph,29.65 in,29.51 in,0.20
8/23/2022,92.8,79.2,72.3,82.20,75.90,72.00,99 %,91 %,64 %,5.4 mph,0.1 mph,0.0 mph,29.59 in,29.47 in,0.01
8/24/2022,95.2,79.9,71.1,83.70,75.90,70.70,99 %,89 %,60 %,3.1 mph,0.1 mph,0.0 mph,29.63 in,29.50 in,2.24
8/25/2022,91.0,77.8,72.0,85.10,76.30,71.60,99 %,96 %,74 %,3.4 mph,0.1 mph,0.0 mph,29.66 in,29.55 in,0.10
8/26/2022,92.8,78.4,72.0,84.20,75.90,71.60,99 %,93 %,62 %,5.4 mph,0.0 mph,0.0 mph,29.64 in,29.50 in,0.63
8/27/2022,90.9,76.9,70.5,82.90,74.90,70.20,99 %,94 %,68 %,2.9 mph,0.0 mph,0.0 mph,29.60 in,29.46 in,0.11
8/28/2022,91.9,77.1,71.8,83.50,75.40,71.40,99 %,95 %,68 %,3.6 mph,0.1 mph,0.0 mph,29.59 in,29.48 in,0.84
8/29/2022,88.2,79.0,73.4,82.90,77.20,73.00,99 %,94 %,78 %,2.2 mph,0.0 mph,0.0 mph,29.61 in,29.51 in,0.00
8/30/2022,93.7,80.1,74.1,83.50,77.40,73.80,99 %,92 %,64 %,4.5 mph,0.1 mph,0.0 mph,29.60 in,29.48 in,0.00
8/31/2022,90.0,78.5,73.6,83.10,76.20,73.20,99 %,93 %,70 %,6.7 mph,0.2 mph,0.0 mph,29.58 in,29.51 in,0.07
9/1/2022,92.1,77.7,71.8,83.80,75.30,71.40,99 %,93 %,61 %,4.3 mph,0.1 mph,0.0 mph,29.60 in,29.51 in,0.07
9/2/2022,87.1,76.1,71.8,82.40,75.00,71.40,99 %,97 %,81 %,1.3 mph,0.0 mph,0.0 mph,29.68 in,29.55 in,0.36
9/3/2022,89.1,76.9,72.1,82.60,75.60,71.80,99 %,96 %,74 %,2.5 mph,0.0 mph,0.0 mph,29.70 in,29.58 in,0.11
9/4/2022,91.8,77.1,71.8,83.50,75.30,71.40,99 %,95 %,67 %,5.4 mph,0.0 mph,0.0 mph,29.63 in,29.49 in,0.09
9/5/2022,95.5,81.0,71.8,83.10,76.70,71.40,99 %,89 %,53 %,0.2 mph,0.0 mph,0.0 mph,29.62 in,29.52 in,0.00
9/6/2022,95.2,81.8,72.1,82.60,76.60,71.80,99 %,86 %,56 %,0.0 mph,0.0 mph,0.0 mph,29.65 in,29.54 in,0.00
9/7/2022,93.9,80.9,72.5,82.80,76.40,72.10,99 %,88 %,61 %,3.8 mph,0.0 mph,0.0 mph,29.59 in,29.41 in,0.00
9/8/2022,83.8,75.2,71.1,78.80,74.30,70.70,99 %,97 %,79 %,2.9 mph,0.0 mph,0.0 mph,29.44 in,29.29 in,0.72
9/9/2022,85.6,75.0,70.7,80.80,74.20,70.30,99 %,98 %,79 %,2.5 mph,0.0 mph,0.0 mph,29.48 in,29.31 in,0.68
9/10/2022,86.4,75.6,71.8,82.00,74.80,71.40,99 %,98 %,80 %,5.8 mph,0.0 mph,0.0 mph,29.65 in,29.46 in,1.23
9/11/2022,93.6,77.5,71.2,83.50,75.30,70.90,99 %,94 %,63 %,6.5 mph,0.1 mph,0.0 mph,29.68 in,29.56 in,0.30
9/12/2022,86.9,76.4,72.3,81.90,75.40,72.00,99 %,97 %,77 %,4.0 mph,0.1 mph,0.0 mph,29.61 in,29.45 in,0.05
9/13/2022,86.0,76.7,71.8,81.00,75.30,71.40,99 %,96 %,76 %,0.9 mph,0.0 mph,0.0 mph,29.54 in,29.44 in,0.04
9/14/2022,86.7,76.3,68.4,78.60,72.80,67.60,99 %,90 %,65 %,2.9 mph,0.0 mph,0.0 mph,29.60 in,29.50 in,0.00
9/15/2022,89.8,76.6,68.2,78.60,72.40,67.80,99 %,88 %,60 %,5.8 mph,0.1 mph,0.0 mph,29.68 in,29.57 in,0.00
9/16/2022,87.3,74.9,70.0,79.70,73.10,69.30,99 %,95 %,73 %,5.1 mph,0.1 mph,0.0 mph,29.69 in,29.61 in,0.28
9/17/2022,79.5,72.8,65.5,79.20,72.40,65.10,99 %,99 %,95 %,4.5 mph,0.0 mph,0.0 mph,29.69 in,29.59 in,1.53
9/18/2022,84.2,73.5,68.9,79.50,72.50,68.50,99 %,97 %,80 %,5.8 mph,0.1 mph,0.0 mph,29.62 in,29.51 in,0.36
9/19/2022,90.3,77.3,71.6,82.20,74.90,71.20,99 %,93 %,68 %,3.4 mph,0.1 mph,0.0 mph,29.56 in,29.47 in,0.00
9/20/2022,91.6,78.2,70.9,80.20,74.40,70.50,99 %,90 %,59 %,3.8 mph,0.1 mph,0.0 mph,29.59 in,29.47 in,0.00
9/21/2022,90.5,75.8,67.5,78.30,71.40,67.10,99 %,88 %,52 %,6.0 mph,0.1 mph,0.0 mph,29.55 in,29.45 in,0.00
9/22/2022,94.1,77.4,66.6,79.20,72.10,66.20,99 %,86 %,51 %,3.8 mph,0.1 mph,0.0 mph,29.51 in,29.38 in,0.00
9/23/2022,84.2,76.0,66.4,76.10,72.40,65.80,99 %,89 %,71 %,3.8 mph,0.1 mph,0.0 mph,29.64 in,29.42 in,0.00
9/24/2022,88.2,72.8,62.2,73.60,67.40,61.90,99 %,85 %,53 %,3.4 mph,0.1 mph,0.0 mph,29.65 in,29.54 in,0.00
9/25/2022,90.7,73.3,62.6,75.20,68.00,62.20,99 %,86 %,50 %,4.0 mph,0.1 mph,0.0 mph,29.59 in,29.44 in,0.00
9/26/2022,92.5,75.8,63.7,78.30,71.10,63.30,99 %,87 %,51 %,4.0 mph,0.1 mph,0.0 mph,29.52 in,29.40 in,0.00
9/27/2022,83.1,73.3,67.5,72.90,66.80,61.70,99 %,81 %,53 %,4.5 mph,0.1 mph,0.0 mph,29.55 in,29.45 in,0.00
9/28/2022,69.8,66.4,60.8,66.20,60.80,54.10,97 %,83 %,65 %,8.3 mph,0.9 mph,0.0 mph,29.55 in,29.40 in,0.10
9/29/2022,69.1,65.0,59.4,62.10,58.40,54.90,96 %,80 %,68 %,9.4 mph,2.0 mph,0.0 mph,29.43 in,29.31 in,0.09
9/30/2022,79.2,68.0,60.1,67.60,61.30,57.40,99 %,80 %,64 %,8.1 mph,0.6 mph,0.0 mph,29.42 in,29.33 in,0.00
10/1/2022,87.1,68.7,55.9,68.50,62.00,55.60,99 %,82 %,47 %,5.8 mph,0.2 mph,0.0 mph,29.49 in,29.39 in,0.00
10/2/2022,86.4,69.4,56.8,66.70,61.80,56.50,99 %,80 %,43 %,5.6 mph,0.2 mph,0.0 mph,29.56 in,29.43 in,0.00
10/3/2022,77.5,64.7,56.3,65.70,60.30,55.40,99 %,87 %,61 %,5.4 mph,0.2 mph,0.0 mph,29.64 in,29.54 in,0.00
10/4/2022,79.2,62.8,53.2,63.10,56.80,52.70,99 %,83 %,49 %,5.4 mph,0.2 mph,0.0 mph,29.65 in,29.56 in,0.00
10/5/2022,83.5,62.6,46.8,64.20,55.40,46.40,99 %,81 %,42 %,4.0 mph,0.2 mph,0.0 mph,29.66 in,29.55 in,0.00
10/6/2022,85.8,66.3,51.3,68.40,59.10,50.90,99 %,82 %,43 %,5.1 mph,0.1 mph,0.0 mph,29.69 in,29.59 in,0.00
10/7/2022,89.4,68.4,54.9,67.80,60.80,54.50,99 %,81 %,38 %,4.9 mph,0.1 mph,0.0 mph,29.74 in,29.62 in,0.00
10/8/2022,90.1,69.0,54.1,67.60,60.30,53.80,99 %,79 %,35 %,3.4 mph,0.1 mph,0.0 mph,29.73 in,29.62 in,0.00
10/9/2022,88.5,69.2,55.8,73.00,63.60,55.40,99 %,85 %,49 %,3.6 mph,0.0 mph,0.0 mph,29.76 in,29.64 in,0.00
10/10/2022,88.7,71.0,57.0,72.30,65.00,56.70,99 %,84 %,44 %,3.8 mph,0.1 mph,0.0 mph,29.74 in,29.63 in,0.00
10/11/2022,88.3,73.0,63.5,76.30,69.70,63.10,99 %,91 %,60 %,5.8 mph,0.0 mph,0.0 mph,29.79 in,29.66 in,0.00
10/12/2022,85.1,75.6,69.3,78.40,73.60,68.90,99 %,94 %,72 %,8.5 mph,0.0 mph,0.0 mph,29.73 in,29.53 in,0.80
10/13/2022,87.3,74.1,66.6,78.80,71.80,66.20,99 %,93 %,68 %,5.6 mph,0.2 mph,0.0 mph,29.56 in,29.35 in,0.02
10/14/2022,86.5,69.6,59.9,69.40,63.40,58.80,99 %,84 %,41 %,4.5 mph,0.1 mph,0.0 mph,29.61 in,29.45 in,0.01
10/15/2022,86.5,67.5,55.0,69.30,61.20,54.70,99 %,83 %,44 %,3.8 mph,0.0 mph,0.0 mph,29.71 in,29.60 in,0.00
10/16/2022,89.1,68.5,54.1,72.90,62.20,53.80,99 %,84 %,41 %,3.8 mph,0.1 mph,0.0 mph,29.69 in,29.54 in,0.00
10/17/2022,83.8,71.1,62.8,77.50,68.90,62.40,99 %,93 %,74 %,6.9 mph,0.3 mph,0.0 mph,29.57 in,29.36 in,0.21
10/18/2022,75.9,65.3,51.8,68.40,55.70,35.60,99 %,74 %,36 %,5.4 mph,0.3 mph,0.0 mph,29.58 in,29.34 in,0.00
10/19/2022,67.6,50.9,41.0,45.70,38.60,34.50,98 %,66 %,35 %,7.8 mph,0.4 mph,0.0 mph,29.72 in,29.56 in,0.00
10/20/2022,74.3,51.3,35.6,50.40,42.50,35.20,99 %,77 %,32 %,4.5 mph,0.1 mph,0.0 mph,29.72 in,29.56 in,0.00
10/21/2022,74.8,53.5,38.5,48.60,42.80,36.70,99 %,73 %,29 %,4.0 mph,0.1 mph,0.0 mph,29.72 in,29.61 in,0.00
10/22/2022,78.4,56.2,40.8,57.00,48.50,40.50,99 %,79 %,40 %,5.6 mph,0.1 mph,0.0 mph,29.75 in,29.63 in,0.00
10/23/2022,83.3,61.6,45.9,65.50,55.30,45.50,99 %,83 %,38 %,2.9 mph,0.1 mph,0.0 mph,29.75 in,29.65 in,0.00
10/24/2022,84.9,64.6,51.3,66.20,58.60,50.90,99 %,84 %,44 %,2.9 mph,0.1 mph,0.0 mph,29.74 in,29.62 in,0.00
10/25/2022,86.0,66.4,51.3,72.10,61.60,50.90,99 %,87 %,51 %,4.0 mph,0.1 mph,0.0 mph,29.64 in,29.48 in,0.00
10/26/2022,85.6,70.3,59.7,78.10,68.30,59.40,99 %,94 %,72 %,8.3 mph,0.4 mph,0.0 mph,29.53 in,29.38 in,0.10
10/27/2022,85.8,68.8,55.4,75.00,64.60,55.00,99 %,88 %,60 %,2.7 mph,0.1 mph,0.0 mph,29.66 in,29.47 in,0.00
10/28/2022,77.4,69.9,65.5,72.30,67.90,64.90,99 %,94 %,79 %,2.5 mph,0.1 mph,0.0 mph,29.77 in,29.63 in,0.00
10/29/2022,71.4,67.0,65.1,69.10,66.30,64.80,99 %,98 %,91 %,3.4 mph,0.1 mph,0.0 mph,29.79 in,29.70 in,0.00
10/30/2022,80.4,69.1,64.6,73.80,67.70,64.20,99 %,96 %,78 %,4.5 mph,0.0 mph,0.0 mph,29.71 in,29.55 in,0.00
10/31/2022,88.7,73.5,66.7,75.90,69.70,66.40,99 %,89 %,55 %,4.3 mph,0.1 mph,0.0 mph,29.63 in,29.51 in,0.00
11/1/2022,88.0,71.7,62.6,73.90,67.50,62.20,99 %,88 %,58 %,4.5 mph,0.1 mph,0.0 mph,29.77 in,29.62 in,0.00
11/2/2022,86.0,71.3,60.8,77.20,67.80,60.40,99 %,90 %,67 %,3.6 mph,0.1 mph,0.0 mph,29.81 in,29.69 in,0.00
11/3/2022,83.7,70.6,58.5,70.90,65.90,57.90,99 %,87 %,56 %,5.4 mph,0.1 mph,0.0 mph,29.80 in,29.69 in,0.00
11/4/2022,83.5,67.2,56.7,72.30,63.50,56.30,99 %,89 %,61 %,4.7 mph,0.1 mph,0.0 mph,29.76 in,29.64 in,0.00
11/5/2022,86.2,71.5,63.3,75.70,69.50,63.00,99 %,94 %,67 %,3.6 mph,0.0 mph,0.0 mph,29.66 in,29.55 in,0.04
11/6/2022,89.1,73.6,67.6,79.20,71.60,67.30,99 %,94 %,66 %,2.5 mph,0.0 mph,0.0 mph,29.70 in,29.58 in,0.16
11/7/2022,83.5,70.5,63.1,73.60,67.20,62.80,99 %,90 %,66 %,4.9 mph,0.2 mph,0.0 mph,29.77 in,29.67 in,0.01
11/8/2022,83.5,69.6,61.2,70.90,61.50,55.20,99 %,77 %,52 %,7.6 mph,0.7 mph,0.0 mph,29.76 in,29.68 in,0.00
11/9/2022,66.2,63.5,60.1,61.30,57.40,53.60,88 %,81 %,74 %,7.8 mph,1.1 mph,0.0 mph,29.76 in,29.50 in,0.00
11/10/2022,73.2,66.8,62.6,72.90,66.30,61.20,99 %,98 %,88 %,11.4 mph,1.1 mph,0.0 mph,29.50 in,28.95 in,2.25
11/11/2022,77.5,70.9,64.9,74.70,69.90,64.60,99 %,97 %,85 %,9.4 mph,0.7 mph,0.0 mph,29.50 in,29.23 in,0.13
11/12/2022,83.8,70.1,64.9,72.30,66.80,64.40,99 %,91 %,59 %,5.6 mph,0.2 mph,0.0 mph,29.58 in,29.49 in,0.00
11/13/2022,66.9,59.5,44.6,66.60,56.70,43.00,99 %,91 %,66 %,5.6 mph,0.1 mph,0.0 mph,29.70 in,29.50 in,0.00
11/14/2022,71.2,56.6,42.3,64.20,54.10,41.90,99 %,92 %,73 %,4.3 mph,0.0 mph,0.0 mph,29.75 in,29.65 in,0.00
11/15/2022,76.3,67.4,61.0,73.20,66.80,60.60,99 %,98 %,87 %,4.9 mph,0.1 mph,0.0 mph,29.72 in,29.59 in,0.01
11/16/2022,71.6,63.8,50.2,71.20,61.00,46.40,99 %,91 %,70 %,4.7 mph,0.1 mph,0.0 mph,29.78 in,29.60 in,0.01
11/17/2022,61.3,51.2,45.9,47.70,40.10,34.70,92 %,68 %,38 %,5.4 mph,0.2 mph,0.0 mph,29.87 in,29.75 in,0.00
11/18/2022,62.8,46.9,36.3,42.60,37.90,33.40,96 %,75 %,37 %,3.8 mph,0.0 mph,0.0 mph,29.89 in,29.77 in,0.00
11/19/2022,59.9,49.7,36.9,49.50,44.30,36.00,98 %,83 %,53 %,0.0 mph,0.0 mph,0.0 mph,29.90 in,29.79 in,0.01
11/20/2022,52.2,48.9,45.1,48.60,46.70,44.20,99 %,93 %,79 %,0.0 mph,0.0 mph,0.0 mph,29.92 in,29.81 in,0.10
11/21/2022,73.6,57.4,44.8,65.50,54.20,42.60,98 %,89 %,73 %,2.9 mph,0.0 mph,0.0 mph,29.90 in,29.79 in,0.00
11/22/2022,68.5,61.1,56.3,65.50,60.00,55.90,99 %,96 %,88 %,4.3 mph,0.1 mph,0.0 mph,29.86 in,29.74 in,0.00
11/23/2022,75.9,64.3,58.1,68.70,61.30,55.60,99 %,90 %,75 %,3.8 mph,0.1 mph,0.0 mph,29.75 in,29.63 in,0.00
11/24/2022,77.0,68.4,63.0,72.50,67.20,62.60,99 %,96 %,83 %,2.7 mph,0.0 mph,0.0 mph,29.73 in,29.62 in,0.00
11/25/2022,82.6,71.8,67.1,75.90,70.30,66.70,99 %,96 %,76 %,6.0 mph,0.1 mph,0.0 mph,29.65 in,29.53 in,0.01
11/26/2022,77.5,69.6,65.7,72.70,68.30,65.30,99 %,96 %,81 %,3.1 mph,0.0 mph,0.0 mph,29.71 in,29.55 in,0.00
11/27/2022,82.2,70.2,55.2,76.80,68.40,54.90,99 %,94 %,77 %,9.2 mph,0.7 mph,0.0 mph,29.57 in,29.45 in,0.02
11/28/2022,79.2,61.1,47.5,64.90,56.90,47.10,99 %,88 %,55 %,5.1 mph,0.2 mph,0.0 mph,29.67 in,29.54 in,0.01
11/29/2022,79.9,62.7,49.1,67.10,58.50,48.70,99 %,88 %,59 %,2.7 mph,0.0 mph,0.0 mph,29.75 in,29.64 in,0.00
11/30/2022,81.1,64.4,57.9,75.40,63.10,57.60,99 %,96 %,73 %,8.5 mph,0.2 mph,0.0 mph,29.77 in,29.62 in,0.37
12/1/2022,70.7,55.8,41.9,61.20,51.60,40.10,99 %,87 %,65 %,3.6 mph,0.1 mph,0.0 mph,29.96 in,29.76 in,0.00
12/2/2022,77.4,58.4,45.1,65.50,54.60,44.80,99 %,89 %,61 %,3.1 mph,0.0 mph,0.0 mph,29.98 in,29.86 in,0.00
12/3/2022,83.1,63.1,51.6,69.40,59.30,51.30,99 %,89 %,55 %,2.7 mph,0.0 mph,0.0 mph,29.96 in,29.82 in,0.00
12/4/2022,76.6,63.2,53.8,70.30,61.50,53.40,99 %,95 %,77 %,3.8 mph,0.0 mph,0.0 mph,29.83 in,29.68 in,0.03
12/5/2022,75.7,65.5,61.0,69.80,64.20,60.60,99 %,96 %,77 %,2.9 mph,0.0 mph,0.0 mph,29.73 in,29.63 in,0.01
12/6/2022,83.3,67.4,58.8,71.80,64.50,58.50,99 %,92 %,61 %,3.4 mph,0.0 mph,0.0 mph,29.83 in,29.69 in,0.00
12/7/2022,83.3,65.7,55.0,70.70,62.00,54.70,99 %,90 %,56 %,2.9 mph,0.0 mph,0.0 mph,29.91 in,29.81 in,0.00
12/8/2022,84.2,65.6,54.3,71.20,62.20,54.00,99 %,90 %,61 %,3.8 mph,0.1 mph,0.0 mph,29.85 in,29.71 in,0.00
12/9/2022,80.6,64.1,54.1,68.50,60.60,53.80,99 %,90 %,61 %,3.8 mph,0.1 mph,0.0 mph,29.75 in,29.64 in,0.01
12/10/2022,77.0,62.6,53.2,70.50,60.90,52.90,99 %,95 %,77 %,2.5 mph,0.0 mph,0.0 mph,29.75 in,29.67 in,0.00
12/11/2022,65.5,60.6,57.0,62.20,59.50,56.70,99 %,97 %,87 %,2.2 mph,0.0 mph,0.0 mph,29.76 in,29.63 in,0.00
12/12/2022,72.7,60.4,53.8,64.40,58.00,53.40,99 %,93 %,72 %,3.8 mph,0.0 mph,0.0 mph,29.70 in,29.58 in,0.00
12/13/2022,71.1,59.2,50.7,64.40,56.70,50.40,99 %,92 %,77 %,2.7 mph,0.0 mph,0.0 mph,29.72 in,29.63 in,0.00
12/14/2022,79.9,65.1,54.1,70.70,62.30,53.80,99 %,92 %,67 %,7.4 mph,0.2 mph,0.0 mph,29.66 in,29.48 in,0.00
12/15/2022,76.3,65.1,49.6,72.90,63.80,47.70,99 %,96 %,82 %,8.5 mph,0.4 mph,0.0 mph,29.55 in,29.38 in,0.47
12/16/2022,68.0,50.2,39.6,48.40,43.30,39.20,99 %,80 %,38 %,4.0 mph,0.0 mph,0.0 mph,29.66 in,29.54 in,0.00
12/17/2022,68.2,49.8,34.9,53.80,44.30,34.50,99 %,85 %,38 %,4.0 mph,0.0 mph,0.0 mph,29.66 in,29.53 in,0.01
12/18/2022,60.6,48.1,35.6,49.10,38.50,33.40,99 %,72 %,38 %,4.7 mph,0.1 mph,0.0 mph,29.85 in,29.61 in,0.00
12/19/2022,68.2,48.3,31.6,56.50,43.60,29.70,98 %,85 %,62 %,3.6 mph,0.0 mph,0.0 mph,29.92 in,29.78 in,0.00
12/20/2022,63.5,54.6,48.2,62.60,53.80,47.50,99 %,97 %,92 %,4.5 mph,0.1 mph,0.0 mph,29.85 in,29.71 in,0.31
12/21/2022,55.2,51.8,49.5,54.50,51.40,49.10,99 %,99 %,96 %,5.4 mph,0.2 mph,0.0 mph,29.78 in,29.63 in,0.03
12/22/2022,62.8,53.4,48.9,62.40,52.80,48.60,99 %,98 %,92 %,2.9 mph,0.0 mph,0.0 mph,29.65 in,29.46 in,0.02
12/23/2022,64.6,51.2,30.0,64.20,39.00,14.40,99 %,67 %,30 %,7.8 mph,0.8 mph,0.0 mph,29.83 in,29.45 in,0.00
12/24/2022,42.1,30.2,23.2,20.10,13.80,9.30,69 %,51 %,29 %,6.5 mph,0.4 mph,0.0 mph,29.98 in,29.81 in,0.00
12/25/2022,47.5,31.6,20.7,26.60,18.70,14.00,87 %,62 %,27 %,5.4 mph,0.3 mph,0.0 mph,29.92 in,29.80 in,0.00
12/26/2022,52.7,35.2,22.8,29.70,23.30,16.00,95 %,68 %,26 %,4.5 mph,0.1 mph,0.0 mph,29.92 in,29.80 in,0.00
12/27/2022,62.4,40.2,26.2,36.30,29.10,24.80,96 %,70 %,31 %,4.5 mph,0.1 mph,0.0 mph,29.90 in,29.78 in,0.00
12/28/2022,72.3,46.7,28.2,49.80,39.70,27.90,99 %,81 %,40 %,4.0 mph,0.1 mph,0.0 mph,29.93 in,29.81 in,0.00
12/29/2022,75.6,56.8,40.6,60.40,51.80,40.30,99 %,86 %,50 %,1.8 mph,0.0 mph,0.0 mph,29.92 in,29.79 in,0.00
12/30/2022,79.2,61.3,47.1,64.40,55.90,46.80,99 %,85 %,46 %,2.5 mph,0.0 mph,0.0 mph,29.83 in,29.63 in,0.00
12/31/2022,71.4,65.2,58.8,70.90,64.70,58.50,99 %,98 %,95 %,7.4 mph,0.4 mph,0.0 mph,29.69 in,29.59 in,0.05
1/1/2023,79.2,65.3,57.0,72.00,63.60,56.70,99 %,95 %,71 %,3.4 mph,0.0 mph,0.0 mph,29.77 in,29.63 in,0.01
1/2/2023,81.9,65.1,56.3,72.00,62.70,55.90,99 %,93 %,67 %,4.9 mph,0.0 mph,0.0 mph,29.83 in,29.73 in,0.01
1/3/2023,83.1,69.4,59.9,71.60,65.90,59.50,99 %,90 %,66 %,7.8 mph,0.3 mph,0.0 mph,29.77 in,29.60 in,0.00
1/4/2023,79.0,68.5,63.5,74.50,67.50,63.10,99 %,97 %,84 %,7.8 mph,0.6 mph,0.0 mph,29.68 in,29.56 in,0.32
1/5/2023,74.3,63.4,51.8,65.70,58.20,48.90,99 %,85 %,49 %,4.9 mph,0.2 mph,0.0 mph,29.78 in,29.63 in,0.01
1/6/2023,68.0,52.3,39.0,49.60,41.20,33.60,96 %,70 %,29 %,5.8 mph,0.2 mph,0.0 mph,29.88 in,29.76 in,0.00
1/7/2023,71.1,48.8,33.6,46.90,40.00,33.30,99 %,77 %,33 %,4.5 mph,0.1 mph,0.0 mph,29.92 in,29.81 in,0.00
1/8/2023,76.3,54.6,36.0,60.80,48.90,35.60,99 %,83 %,51 %,6.9 mph,0.2 mph,0.0 mph,29.87 in,29.68 in,0.00
1/9/2023,75.2,58.1,45.7,60.80,51.40,44.40,99 %,82 %,36 %,6.0 mph,0.3 mph,0.0 mph,29.74 in,29.63 in,0.00
1/10/2023,70.2,51.3,40.3,52.30,44.30,39.90,99 %,80 %,41 %,5.4 mph,0.2 mph,0.0 mph,29.74 in,29.63 in,0.00
1/11/2023,78.3,54.0,35.4,54.30,44.90,34.50,99 %,77 %,25 %,5.4 mph,0.2 mph,0.0 mph,29.78 in,29.66 in,0.00
1/12/2023,78.3,60.9,44.2,60.30,50.30,43.90,99 %,74 %,35 %,8.9 mph,0.9 mph,0.0 mph,29.73 in,29.49 in,0.00
1/13/2023,62.6,53.9,40.1,61.20,49.40,34.30,99 %,85 %,66 %,8.3 mph,0.8 mph,0.0 mph,29.62 in,29.40 in,0.66
1/14/2023,52.0,40.2,31.5,37.00,33.00,30.00,96 %,77 %,50 %,8.5 mph,0.6 mph,0.0 mph,29.75 in,29.60 in,0.00
1/15/2023,61.0,40.4,27.1,37.80,31.70,26.60,99 %,76 %,33 %,4.0 mph,0.2 mph,0.0 mph,29.84 in,29.70 in,0.00
1/16/2023,69.8,45.6,28.0,40.80,34.30,27.70,99 %,72 %,26 %,4.7 mph,0.1 mph,0.0 mph,29.77 in,29.62 in,0.00
1/17/2023,75.9,53.7,31.6,57.60,43.20,31.10,99 %,75 %,20 %,8.5 mph,0.6 mph,0.0 mph,29.63 in,29.53 in,0.00
1/18/2023,75.9,63.4,52.2,65.50,59.10,51.80,99 %,87 %,64 %,4.9 mph,0.2 mph,0.0 mph,29.70 in,29.59 in,0.00
1/19/2023,80.8,64.8,48.7,70.90,61.50,48.40,99 %,90 %,68 %,10.5 mph,0.9 mph,0.0 mph,29.65 in,29.55 in,0.00
1/20/2023,76.1,62.3,46.6,66.40,51.90,41.40,99 %,74 %,31 %,6.0 mph,0.3 mph,0.0 mph,29.75 in,29.62 in,0.00
1/21/2023,54.1,49.8,46.4,52.20,45.10,42.40,99 %,84 %,67 %,1.8 mph,0.0 mph,0.0 mph,29.78 in,29.63 in,0.21
1/22/2023,79.5,64.8,52.5,72.00,62.90,52.20,99 %,94 %,76 %,8.5 mph,1.5 mph,0.0 mph,29.62 in,29.38 in,0.20
1/23/2023,65.1,55.6,42.3,57.00,44.40,40.80,99 %,69 %,44 %,6.3 mph,0.3 mph,0.0 mph,29.84 in,29.48 in,0.00
1/24/2023,71.4,52.8,35.8,58.30,47.90,35.40,99 %,85 %,59 %,2.2 mph,0.0 mph,0.0 mph,29.88 in,29.64 in,0.00
1/25/2023,80.2,67.1,56.5,72.70,63.80,55.20,99 %,90 %,67 %,11.0 mph,1.1 mph,0.0 mph,29.65 in,29.41 in,0.31
1/26/2023,60.4,51.4,40.1,59.70,45.00,38.30,99 %,80 %,48 %,7.2 mph,0.5 mph,0.0 mph,29.84 in,29.53 in,0.00
1/27/2023,61.3,44.8,33.8,40.10,35.60,30.40,99 %,75 %,33 %,4.9 mph,0.2 mph,0.0 mph,29.98 in,29.81 in,0.00
1/28/2023,64.2,47.5,29.5,49.10,39.50,29.10,99 %,77 %,46 %,4.5 mph,0.2 mph,0.0 mph,30.02 in,29.88 in,0.00
1/29/2023,81.7,64.5,52.9,69.10,60.10,47.50,97 %,86 %,63 %,5.4 mph,0.2 mph,0.0 mph,29.90 in,29.71 in,0.01
1/30/2023,86.0,70.9,58.8,72.90,66.10,58.50,99 %,86 %,61 %,6.3 mph,0.4 mph,0.0 mph,29.79 in,29.67 in,0.00
1/31/2023,84.6,70.1,61.3,72.50,65.90,61.00,99 %,88 %,59 %,4.7 mph,0.2 mph,0.0 mph,29.81 in,29.68 in,0.00
2/1/2023,78.1,64.7,57.6,70.30,62.90,57.20,99 %,94 %,71 %,5.4 mph,0.2 mph,0.0 mph,29.82 in,29.71 in,0.00
2/2/2023,81.9,66.5,55.8,69.40,62.70,55.40,99 %,89 %,63 %,6.5 mph,0.5 mph,0.0 mph,29.77 in,29.62 in,0.01
2/3/2023,69.3,56.9,41.7,68.90,55.20,41.20,99 %,95 %,73 %,6.0 mph,0.6 mph,0.0 mph,29.91 in,29.55 in,0.73
2/4/2023,66.7,51.3,38.3,55.80,46.10,35.60,97 %,83 %,65 %,4.5 mph,0.4 mph,0.0 mph,30.04 in,29.90 in,0.00
2/5/2023,75.4,58.7,50.4,64.40,55.20,49.30,99 %,90 %,59 %,3.8 mph,0.2 mph,0.0 mph,29.94 in,29.68 in,0.00
2/6/2023,75.2,56.9,45.1,54.30,47.90,42.80,99 %,77 %,35 %,6.0 mph,0.2 mph,0.0 mph,29.82 in,29.68 in,0.00
2/7/2023,79.2,57.5,38.7,57.20,49.10,38.30,99 %,78 %,41 %,3.4 mph,0.1 mph,0.0 mph,29.90 in,29.79 in,0.00
2/8/2023,80.4,63.4,48.6,64.00,56.20,48.20,99 %,80 %,48 %,4.7 mph,0.1 mph,0.0 mph,29.89 in,29.76 in,0.00
2/9/2023,81.1,66.1,51.6,69.60,61.80,51.30,99 %,87 %,65 %,6.9 mph,0.3 mph,0.0 mph,29.80 in,29.68 in,0.00
2/10/2023,82.8,68.7,63.3,74.10,66.70,63.00,99 %,94 %,68 %,7.6 mph,0.4 mph,0.0 mph,29.73 in,29.61 in,0.39
2/11/2023,68.0,63.3,58.3,67.60,63.00,57.90,99 %,99 %,99 %,12.1 mph,0.5 mph,0.0 mph,29.66 in,29.40 in,1.30
2/12/2023,59.5,55.0,46.6,58.10,50.70,43.50,99 %,86 %,65 %,10.3 mph,1.3 mph,0.0 mph,29.58 in,29.39 in,0.07
2/13/2023,71.8,53.1,39.6,45.90,41.30,35.60,99 %,70 %,28 %,8.9 mph,0.4 mph,0.0 mph,29.66 in,29.55 in,0.00
2/14/2023,79.2,55.1,35.6,51.40,42.70,35.20,99 %,71 %,25 %,5.6 mph,0.2 mph,0.0 mph,29.72 in,29.60 in,0.00
2/15/2023,83.7,62.4,44.6,65.70,55.70,44.20,99 %,81 %,47 %,7.2 mph,0.4 mph,0.0 mph,29.77 in,29.67 in,0.00
2/16/2023,84.9,66.5,53.2,66.70,60.10,52.90,99 %,83 %,49 %,8.5 mph,0.5 mph,0.0 mph,29.73 in,29.61 in,0.00
2/17/2023,82.2,65.9,52.3,72.50,63.20,46.20,99 %,92 %,66 %,11.2 mph,1.1 mph,0.0 mph,29.80 in,29.54 in,0.11
2/18/2023,63.9,49.8,37.4,49.10,42.50,33.80,96 %,77 %,54 %,4.5 mph,0.4 mph,0.0 mph,29.98 in,29.80 in,0.00
2/19/2023,79.9,58.6,41.5,65.50,53.40,41.20,99 %,85 %,54 %,5.6 mph,0.2 mph,0.0 mph,29.92 in,29.73 in,0.00
2/20/2023,78.8,62.9,49.6,64.40,57.10,49.30,99 %,84 %,49 %,7.6 mph,0.8 mph,0.0 mph,29.76 in,29.56 in,0.00
2/21/2023,82.8,69.1,61.2,70.90,65.00,60.80,99 %,88 %,63 %,8.7 mph,0.8 mph,0.0 mph,29.63 in,29.52 in,0.00
2/22/2023,87.4,72.2,60.1,71.20,65.70,59.00,99 %,83 %,48 %,9.2 mph,0.7 mph,0.0 mph,29.71 in,29.60 in,0.00
2/23/2023,87.1,72.3,59.7,74.50,67.40,59.20,99 %,86 %,58 %,8.3 mph,0.6 mph,0.0 mph,29.83 in,29.68 in,0.00
2/24/2023,89.6,74.0,64.2,72.00,67.50,63.70,99 %,83 %,47 %,4.5 mph,0.3 mph,0.0 mph,29.89 in,29.78 in,0.00
2/25/2023,86.5,69.3,57.0,70.90,63.00,56.70,99 %,83 %,50 %,6.9 mph,0.5 mph,0.0 mph,29.86 in,29.71 in,0.00
2/26/2023,87.3,71.0,61.5,70.30,64.00,59.70,99 %,81 %,48 %,5.1 mph,0.5 mph,0.0 mph,29.76 in,29.58 in,0.00
2/27/2023,82.9,70.4,60.8,69.10,64.90,60.40,99 %,84 %,55 %,11.6 mph,1.3 mph,0.0 mph,29.60 in,29.47 in,0.00
2/28/2023,84.9,75.2,70.3,72.90,70.40,68.70,96 %,86 %,63 %,11.6 mph,1.2 mph,0.0 mph,29.58 in,29.45 in,0.00
3/1/2023,86.2,72.6,61.9,71.10,67.70,61.50,99 %,86 %,56 %,6.9 mph,0.5 mph,0.0 mph,29.67 in,29.55 in,0.00
3/2/2023,83.7,70.2,60.6,71.10,64.40,59.70,99 %,84 %,56 %,8.9 mph,0.5 mph,0.0 mph,29.58 in,29.42 in,0.00
3/3/2023,84.2,71.8,57.4,72.10,65.90,57.00,99 %,84 %,52 %,14.3 mph,1.7 mph,0.0 mph,29.44 in,29.32 in,0.00
3/4/2023,79.9,73.6,66.4,76.60,71.90,66.00,99 %,95 %,84 %,6.5 mph,0.8 mph,0.0 mph,29.59 in,29.36 in,0.30
3/5/2023,88.0,70.1,55.9,72.10,63.30,55.60,99 %,83 %,37 %,4.3 mph,0.2 mph,0.0 mph,29.72 in,29.57 in,0.00
3/6/2023,88.0,70.4,57.6,72.50,62.80,57.20,99 %,80 %,42 %,3.8 mph,0.2 mph,0.0 mph,29.73 in,29.58 in,0.00
3/7/2023,89.8,73.4,60.6,72.10,67.20,60.10,99 %,83 %,47 %,0.0 mph,0.0 mph,0.0 mph,29.64 in,29.51 in,0.00
3/8/2023,76.6,65.7,52.3,65.70,58.70,50.20,99 %,80 %,56 %,0.0 mph,0.0 mph,0.0 mph,29.76 in,29.57 in,0.00
3/9/2023,78.1,62.0,46.8,60.10,53.90,46.40,99 %,78 %,48 %,0.0 mph,0.0 mph,0.0 mph,29.77 in,29.65 in,0.00
3/10/2023,81.9,67.0,55.0,70.00,62.20,54.50,99 %,86 %,61 %,6.5 mph,0.2 mph,0.0 mph,29.68 in,29.45 in,0.41
3/11/2023,79.5,62.2,48.4,62.80,51.20,38.30,99 %,74 %,24 %,5.1 mph,0.2 mph,0.0 mph,29.54 in,29.45 in,0.01
3/12/2023,82.4,63.8,45.0,70.20,58.40,44.60,99 %,85 %,58 %,9.2 mph,0.9 mph,0.0 mph,29.50 in,29.36 in,0.05
3/13/2023,70.9,63.7,55.2,69.40,62.60,54.30,99 %,97 %,76 %,6.9 mph,0.1 mph,0.0 mph,29.58 in,29.32 in,3.66
3/14/2023,68.9,54.2,43.7,54.30,41.80,33.30,97 %,67 %,28 %,5.4 mph,0.3 mph,0.0 mph,29.74 in,29.57 in,0.00
3/15/2023,67.8,50.7,41.4,46.60,39.60,33.80,94 %,68 %,34 %,4.3 mph,0.1 mph,0.0 mph,29.84 in,29.70 in,0.00
3/16/2023,77.0,53.7,32.5,53.40,43.90,32.20,99 %,75 %,33 %,6.0 mph,0.1 mph,0.0 mph,29.82 in,29.67 in,0.00
3/17/2023,81.7,64.2,47.7,64.20,56.50,47.30,99 %,79 %,46 %,9.6 mph,0.9 mph,0.0 mph,29.68 in,29.45 in,0.00
3/18/2023,70.7,61.4,45.7,68.90,59.60,45.30,99 %,94 %,82 %,7.2 mph,0.3 mph,0.0 mph,29.69 in,29.39 in,0.14
3/19/2023,62.1,51.1,41.9,45.50,42.00,36.00,99 %,75 %,40 %,10.7 mph,0.2 mph,0.0 mph,29.81 in,29.65 in,0.03
3/20/2023,63.5,48.1,36.1,39.90,34.60,29.30,92 %,63 %,31 %,5.4 mph,0.3 mph,0.0 mph,29.88 in,29.75 in,0.00
3/21/2023,72.5,53.5,34.5,61.00,48.30,33.60,98 %,84 %,65 %,3.4 mph,0.0 mph,0.0 mph,29.89 in,29.81 in,0.00
3/22/2023,85.5,68.7,58.1,65.50,60.20,55.90,99 %,78 %,41 %,7.4 mph,0.2 mph,0.0 mph,29.88 in,29.77 in,0.00
3/23/2023,88.9,69.8,54.0,68.40,61.40,53.60,99 %,78 %,44 %,5.6 mph,0.2 mph,0.0 mph,29.86 in,29.70 in,0.00
3/24/2023,88.0,69.7,55.4,70.70,62.50,55.00,99 %,81 %,48 %,6.7 mph,0.4 mph,0.0 mph,29.74 in,29.55 in,0.00
3/25/2023,86.2,73.6,59.9,76.30,70.00,59.50,99 %,89 %,68 %,11.6 mph,0.8 mph,0.0 mph,29.60 in,29.50 in,0.00
3/26/2023,89.1,76.1,67.6,74.70,70.80,66.90,98 %,85 %,54 %,8.1 mph,0.7 mph,0.0 mph,29.66 in,29.56 in,0.00
3/27/2023,89.4,74.4,65.3,74.50,69.30,64.90,99 %,86 %,57 %,6.5 mph,0.6 mph,0.0 mph,29.68 in,29.58 in,0.00
3/28/2023,83.3,71.6,63.5,75.40,69.30,63.10,99 %,93 %,73 %,5.6 mph,0.2 mph,0.0 mph,29.67 in,29.54 in,0.49
3/29/2023,76.1,64.6,56.5,63.90,59.30,54.50,99 %,84 %,60 %,4.3 mph,0.1 mph,0.0 mph,29.77 in,29.57 in,0.01
3/30/2023,79.9,63.5,48.9,62.80,55.80,48.60,99 %,79 %,47 %,5.4 mph,0.0 mph,0.0 mph,29.84 in,29.72 in,0.00
3/31/2023,87.6,67.5,51.4,68.50,59.90,51.10,99 %,80 %,45 %,6.0 mph,0.1 mph,0.0 mph,29.84 in,29.69 in,0.00
4/1/2023,86.0,72.8,60.3,72.90,67.50,59.90,99 %,85 %,60 %,8.9 mph,0.9 mph,0.0 mph,29.76 in,29.56 in,0.00
4/2/2023,87.4,73.9,63.0,70.70,62.90,52.50,99 %,73 %,32 %,4.5 mph,0.2 mph,0.0 mph,29.67 in,29.56 in,0.00
4/3/2023,88.2,69.2,57.6,70.50,61.30,55.80,98 %,79 %,44 %,6.7 mph,0.1 mph,0.0 mph,29.62 in,29.54 in,0.00
4/4/2023,90.0,72.3,57.9,74.80,66.50,57.60,99 %,84 %,51 %,3.6 mph,0.0 mph,0.0 mph,29.68 in,29.54 in,0.00
4/5/2023,91.8,77.3,65.1,74.50,69.60,64.60,99 %,80 %,44 %,4.5 mph,0.1 mph,0.0 mph,29.76 in,29.63 in,0.00
4/6/2023,90.5,76.4,67.3,74.80,69.70,66.70,99 %,82 %,49 %,5.8 mph,0.0 mph,0.0 mph,29.81 in,29.68 in,0.00
4/7/2023,90.7,75.6,63.9,73.20,69.00,63.50,99 %,82 %,47 %,4.3 mph,0.1 mph,0.0 mph,29.77 in,29.60 in,0.00
4/8/2023,78.6,71.5,65.1,74.80,69.70,64.80,99 %,94 %,76 %,4.7 mph,0.1 mph,0.0 mph,29.68 in,29.55 in,1.11
4/9/2023,65.1,56.4,49.3,64.80,55.60,48.90,99 %,97 %,90 %,6.9 mph,0.4 mph,0.0 mph,29.76 in,29.58 in,0.01
4/10/2023,66.6,60.5,56.8,62.40,58.30,55.80,98 %,93 %,85 %,4.3 mph,0.3 mph,0.0 mph,29.81 in,29.69 in,0.00
4/11/2023,73.2,62.9,56.1,68.20,60.60,55.60,99 %,93 %,72 %,6.3 mph,0.3 mph,0.0 mph,29.81 in,29.72 in,0.06
4/12/2023,77.7,66.5,57.6,65.10,60.10,57.20,99 %,82 %,53 %,4.5 mph,0.2 mph,0.0 mph,29.76 in,29.53 in,0.01
4/13/2023,86.2,72.9,64.6,74.50,67.40,61.90,99 %,84 %,54 %,7.8 mph,0.4 mph,0.0 mph,29.54 in,29.40 in,0.04
4/14/2023,87.1,72.6,61.0,72.10,64.40,58.50,99 %,79 %,39 %,8.1 mph,0.7 mph,0.0 mph,29.55 in,29.46 in,0.00
4/15/2023,90.0,72.1,55.6,73.00,64.40,55.20,99 %,80 %,49 %,9.6 mph,0.4 mph,0.0 mph,29.65 in,29.50 in,0.01
4/16/2023,88.3,73.5,62.8,73.00,66.90,62.40,99 %,82 %,52 %,6.5 mph,0.6 mph,0.0 mph,29.65 in,29.45 in,0.00
4/17/2023,79.3,67.4,51.1,69.80,52.70,42.10,99 %,64 %,27 %,5.8 mph,0.6 mph,0.0 mph,29.58 in,29.45 in,0.03
4/18/2023,84.6,61.5,40.5,51.60,44.70,36.70,99 %,62 %,20 %,4.9 mph,0.2 mph,0.0 mph,29.64 in,29.52 in,0.00
4/19/2023,84.4,64.5,46.8,61.90,54.10,46.40,99 %,73 %,33 %,2.9 mph,0.0 mph,0.0 mph,29.73 in,29.61 in,0.00
4/20/2023,85.8,67.7,51.6,67.50,57.80,51.30,99 %,75 %,38 %,2.9 mph,0.2 mph,0.0 mph,29.77 in,29.68 in,0.00
4/21/2023,89.1,68.6,52.0,70.30,61.70,51.60,99 %,82 %,45 %,5.1 mph,0.1 mph,0.0 mph,29.69 in,29.46 in,0.00
4/22/2023,88.7,72.3,60.1,75.90,66.00,59.70,99 %,83 %,45 %,6.0 mph,0.3 mph,0.0 mph,29.49 in,29.34 in,0.11
4/23/2023,84.7,68.4,52.2,63.30,56.50,47.30,97 %,68 %,39 %,4.0 mph,0.2 mph,0.0 mph,29.59 in,29.47 in,0.00
4/24/2023,75.2,64.9,56.1,70.50,63.00,55.80,99 %,94 %,77 %,4.7 mph,0.1 mph,0.0 mph,29.62 in,29.49 in,0.02
4/25/2023,84.2,69.3,58.5,71.80,65.00,58.10,99 %,88 %,61 %,3.8 mph,0.1 mph,0.0 mph,29.58 in,29.47 in,0.00
4/26/2023,90.1,72.0,60.8,72.30,66.10,60.40,99 %,84 %,49 %,5.6 mph,0.1 mph,0.0 mph,29.59 in,29.46 in,0.01
4/27/2023,85.3,70.5,63.1,76.30,68.60,62.80,99 %,94 %,69 %,6.0 mph,0.2 mph,0.0 mph,29.56 in,29.32 in,0.58
4/28/2023,85.6,72.1,62.1,75.60,68.60,61.70,99 %,90 %,65 %,6.0 mph,0.5 mph,0.0 mph,29.46 in,29.35 in,0.00
4/29/2023,85.6,72.1,64.9,75.70,69.50,64.60,99 %,93 %,62 %,6.0 mph,0.3 mph,0.0 mph,29.45 in,29.23 in,0.45
4/30/2023,78.4,70.7,63.5,70.70,64.80,60.10,99 %,83 %,57 %,9.4 mph,1.4 mph,0.0 mph,29.36 in,29.08 in,0.35
5/1/2023,82.6,69.3,54.5,67.30,60.50,54.10,99 %,76 %,51 %,10.3 mph,1.3 mph,0.0 mph,29.43 in,29.32 in,0.00
5/2/2023,84.7,69.7,59.5,63.10,56.80,46.60,99 %,68 %,38 %,8.5 mph,0.8 mph,0.0 mph,29.48 in,29.35 in,0.00
5/3/2023,83.3,69.0,57.7,59.40,52.50,42.10,91 %,61 %,29 %,6.5 mph,0.7 mph,0.0 mph,29.48 in,29.36 in,0.00
5/4/2023,85.5,66.6,49.1,56.50,51.70,46.80,99 %,66 %,27 %,5.8 mph,0.3 mph,0.0 mph,29.61 in,29.47 in,0.00
5/5/2023,85.6,68.2,51.4,66.40,58.20,50.90,99 %,74 %,39 %,5.1 mph,0.1 mph,0.0 mph,29.69 in,29.56 in,0.00
5/6/2023,82.4,70.2,61.9,71.40,65.90,61.20,97 %,87 %,66 %,2.7 mph,0.1 mph,0.0 mph,29.78 in,29.65 in,0.00
5/7/2023,85.6,70.7,56.5,69.30,63.20,56.10,99 %,80 %,51 %,4.5 mph,0.1 mph,0.0 mph,29.77 in,29.65 in,0.00
5/8/2023,90.3,73.0,56.8,70.90,64.20,56.50,99 %,77 %,45 %,5.8 mph,0.4 mph,0.0 mph,29.70 in,29.56 in,0.00
5/9/2023,89.8,76.5,66.7,74.70,70.10,66.40,99 %,82 %,54 %,5.4 mph,0.3 mph,0.0 mph,29.67 in,29.51 in,0.00
5/10/2023,95.5,77.1,68.0,81.10,71.80,67.60,99 %,86 %,48 %,3.8 mph,0.1 mph,0.0 mph,29.65 in,29.52 in,0.06
5/11/2023,88.2,74.9,67.8,79.30,72.30,67.50,99 %,93 %,65 %,2.5 mph,0.0 mph,0.0 mph,29.68 in,29.59 in,0.26
5/12/2023,92.5,75.8,66.0,77.50,70.70,65.30,99 %,86 %,50 %,4.0 mph,0.1 mph,0.0 mph,29.76 in,29.60 in,0.43
5/13/2023,89.2,73.7,64.4,75.20,69.10,64.00,99 %,88 %,56 %,4.0 mph,0.2 mph,0.0 mph,29.73 in,29.60 in,0.26
5/14/2023,90.0,76.4,64.8,77.00,70.40,64.40,99 %,84 %,55 %,5.1 mph,0.1 mph,0.0 mph,29.72 in,29.60 in,0.00
5/15/2023,87.6,75.5,65.1,76.60,70.50,64.80,99 %,86 %,63 %,3.4 mph,0.1 mph,0.0 mph,29.71 in,29.63 in,0.00
5/16/2023,89.8,74.8,66.0,78.40,71.30,65.70,99 %,90 %,60 %,4.7 mph,0.2 mph,0.0 mph,29.68 in,29.42 in,0.09
5/17/2023,89.4,75.4,68.5,79.20,72.10,68.20,99 %,90 %,62 %,4.9 mph,0.4 mph,0.0 mph,29.50 in,29.36 in,0.18
5/18/2023,86.4,74.0,65.1,78.80,71.20,64.80,99 %,92 %,65 %,4.0 mph,0.1 mph,0.0 mph,29.58 in,29.40 in,0.17
5/19/2023,89.2,76.7,67.3,79.00,72.30,66.90,99 %,87 %,60 %,3.8 mph,0.2 mph,0.0 mph,29.64 in,29.51 in,0.01
5/20/2023,90.7,76.8,66.0,77.20,71.30,65.70,99 %,85 %,56 %,4.5 mph,0.2 mph,0.0 mph,29.64 in,29.51 in,0.00
5/21/2023,93.6,76.1,66.0,78.80,71.50,65.70,99 %,88 %,48 %,4.5 mph,0.3 mph,0.0 mph,29.58 in,29.42 in,0.58
5/22/2023,84.2,72.0,68.4,79.90,71.00,68.00,99 %,97 %,79 %,5.1 mph,0.1 mph,0.0 mph,29.57 in,29.47 in,0.79
5/23/2023,86.2,72.6,66.7,77.90,70.80,66.40,99 %,95 %,69 %,3.4 mph,0.1 mph,0.0 mph,29.55 in,29.46 in,0.32
5/24/2023,81.1,72.1,63.9,74.70,69.20,61.90,99 %,91 %,73 %,5.8 mph,0.2 mph,0.0 mph,29.52 in,29.40 in,0.00
5/25/2023,85.8,71.8,60.3,72.10,65.10,59.90,99 %,81 %,54 %,5.8 mph,0.3 mph,0.0 mph,29.44 in,29.36 in,0.00
5/26/2023,75.0,70.3,66.0,69.10,66.60,59.40,97 %,88 %,77 %,6.5 mph,0.5 mph,0.0 mph,29.55 in,29.39 in,0.00
5/27/2023,82.9,68.2,55.4,67.50,60.40,53.60,97 %,77 %,54 %,7.2 mph,0.7 mph,0.0 mph,29.58 in,29.45 in,0.00
5/28/2023,83.5,66.7,52.0,68.90,60.40,51.60,99 %,82 %,51 %,5.6 mph,0.4 mph,0.0 mph,29.59 in,29.47 in,0.00
5/29/2023,87.3,72.4,57.0,70.50,64.00,56.70,99 %,78 %,47 %,4.9 mph,0.3 mph,0.0 mph,29.54 in,29.41 in,0.00
5/30/2023,90.3,74.9,64.4,74.10,68.80,63.50,99 %,84 %,47 %,4.7 mph,0.2 mph,0.0 mph,29.52 in,29.42 in,0.16
5/31/2023,87.8,74.4,65.8,76.60,70.30,65.50,99 %,88 %,63 %,2.2 mph,0.1 mph,0.0 mph,29.54 in,29.47 in,0.00
6/1/2023,86.7,76.1,68.9,76.80,71.40,68.00,99 %,87 %,64 %,3.6 mph,0.3 mph,0.0 mph,29.52 in,29.42 in,0.00
6/2/2023,86.0,74.4,65.1,74.30,68.90,64.80,99 %,84 %,61 %,6.3 mph,0.2 mph,0.0 mph,29.48 in,29.31 in,0.00
6/3/2023,90.0,75.1,63.9,74.10,69.00,63.50,99 %,83 %,53 %,5.4 mph,0.2 mph,0.0 mph,29.37 in,29.25 in,0.00
6/4/2023,84.6,72.8,66.9,77.70,70.50,66.60,99 %,93 %,68 %,4.7 mph,0.3 mph,0.0 mph,29.44 in,29.30 in,0.57
6/5/2023,88.3,75.1,65.7,73.60,68.10,63.30,99 %,81 %,51 %,5.4 mph,0.2 mph,0.0 mph,29.54 in,29.40 in,0.00
6/6/2023,92.8,74.7,59.4,73.40,66.30,59.00,99 %,79 %,40 %,4.9 mph,0.3 mph,0.0 mph,29.57 in,29.41 in,0.00
6/7/2023,89.4,76.5,66.2,75.90,69.90,65.80,99 %,82 %,54 %,6.3 mph,0.4 mph,0.0 mph,29.48 in,29.30 in,0.01
6/8/2023,93.0,78.5,67.5,75.70,71.10,67.10,99 %,80 %,51 %,6.3 mph,0.6 mph,0.0 mph,29.38 in,29.27 in,0.00
6/9/2023,92.8,75.0,67.8,79.00,71.90,67.50,99 %,92 %,52 %,6.3 mph,0.2 mph,0.0 mph,29.44 in,29.31 in,0.24
6/10/2023,91.4,74.5,65.3,80.20,71.60,64.90,99 %,92 %,59 %,4.3 mph,0.2 mph,0.0 mph,29.50 in,29.39 in,0.03
6/11/2023,93.0,78.9,67.5,79.70,72.70,67.10,99 %,83 %,55 %,5.8 mph,0.5 mph,0.0 mph,29.50 in,29.39 in,0.00
6/12/2023,92.8,78.8,68.0,78.30,73.20,67.60,99 %,84 %,57 %,6.3 mph,0.7 mph,0.0 mph,29.51 in,29.40 in,0.00
6/13/2023,94.5,82.0,72.9,81.10,76.20,72.50,99 %,84 %,58 %,6.3 mph,0.8 mph,0.0 mph,29.52 in,29.40 in,0.00
6/14/2023,95.4,80.5,67.3,79.30,74.60,66.90,99 %,84 %,52 %,10.1 mph,0.9 mph,0.0 mph,29.62 in,29.41 in,0.79
6/15/2023,86.7,70.6,66.4,81.00,69.30,66.00,99 %,96 %,77 %,8.3 mph,0.3 mph,0.0 mph,29.57 in,29.41 in,1.40
6/16/2023,72.1,68.3,66.9,71.80,68.00,66.60,99 %,99 %,99 %,4.9 mph,0.1 mph,0.0 mph,29.50 in,29.39 in,0.03
6/17/2023,90.7,78.0,68.7,80.60,74.10,68.40,99 %,89 %,62 %,7.4 mph,0.6 mph,0.0 mph,29.55 in,29.39 in,1.66
6/18/2023,93.2,79.0,69.4,81.50,74.00,68.20,99 %,86 %,59 %,5.4 mph,0.3 mph,0.0 mph,29.50 in,29.41 in,0.01
6/19/2023,88.5,78.7,68.9,81.70,74.90,68.50,99 %,89 %,69 %,7.4 mph,0.4 mph,0.0 mph,29.57 in,29.43 in,0.00
6/20/2023,89.6,77.1,68.7,82.40,73.90,68.40,99 %,91 %,66 %,8.1 mph,0.7 mph,0.0 mph,29.50 in,29.34 in,1.10
6/21/2023,82.4,75.2,67.6,77.90,73.90,67.30,99 %,96 %,82 %,8.5 mph,0.5 mph,0.0 mph,29.50 in,29.37 in,0.65
6/22/2023,77.5,70.7,67.1,76.80,70.30,66.70,99 %,99 %,89 %,7.4 mph,0.3 mph,0.0 mph,29.61 in,29.45 in,1.92
6/23/2023,89.8,75.7,68.7,81.90,73.50,68.40,99 %,94 %,70 %,7.6 mph,0.6 mph,0.0 mph,29.60 in,29.50 in,1.13
6/24/2023,90.7,78.7,70.0,82.20,75.10,69.60,99 %,90 %,67 %,6.5 mph,0.5 mph,0.0 mph,29.61 in,29.51 in,0.00
6/25/2023,94.8,81.2,70.3,79.00,73.50,69.30,99 %,80 %,46 %,3.4 mph,0.2 mph,0.0 mph,29.58 in,29.48 in,0.00
6/26/2023,93.7,81.2,71.1,81.10,74.40,70.70,99 %,82 %,54 %,6.5 mph,0.3 mph,0.0 mph,29.56 in,29.45 in,0.00
6/27/2023,96.6,83.1,73.6,84.00,78.30,73.20,99 %,87 %,58 %,5.8 mph,0.6 mph,0.0 mph,29.51 in,29.41 in,0.00
6/28/2023,96.4,84.1,75.6,84.20,78.20,73.90,99 %,84 %,51 %,4.9 mph,0.3 mph,0.0 mph,29.53 in,29.42 in,0.05
6/29/2023,96.1,82.2,69.8,79.20,73.70,69.40,99 %,79 %,45 %,3.8 mph,0.1 mph,0.0 mph,29.61 in,29.47 in,0.00
6/30/2023,95.0,80.6,68.2,79.50,73.70,67.80,99 %,82 %,51 %,3.8 mph,0.1 mph,0.0 mph,29.63 in,29.52 in,0.00
7/1/2023,95.7,81.0,68.2,81.30,74.30,67.80,99 %,82 %,54 %,3.4 mph,0.1 mph,0.0 mph,29.62 in,29.50 in,0.00
7/2/2023,97.0,82.5,71.4,83.30,76.90,71.10,99 %,85 %,54 %,4.0 mph,0.2 mph,0.0 mph,29.59 in,29.47 in,0.00
7/3/2023,99.3,82.4,71.8,83.70,76.40,71.40,99 %,84 %,48 %,5.1 mph,0.3 mph,0.0 mph,29.62 in,29.51 in,0.00
7/4/2023,97.7,82.7,72.3,83.10,76.80,72.00,99 %,84 %,54 %,5.8 mph,0.3 mph,0.0 mph,29.66 in,29.56 in,0.00
7/5/2023,97.5,83.7,73.6,83.70,78.20,73.20,99 %,85 %,54 %,4.5 mph,0.2 mph,0.0 mph,29.67 in,29.52 in,0.00
7/6/2023,96.4,83.6,74.7,82.90,78.10,74.30,99 %,85 %,55 %,5.4 mph,0.4 mph,0.0 mph,29.60 in,29.45 in,0.00
7/7/2023,96.4,80.4,72.5,83.10,76.40,72.10,99 %,89 %,57 %,6.5 mph,0.4 mph,0.0 mph,29.55 in,29.43 in,0.10
7/8/2023,95.9,80.4,72.0,82.20,76.00,71.60,99 %,88 %,54 %,5.8 mph,0.4 mph,0.0 mph,29.52 in,29.42 in,0.02
7/9/2023,93.4,80.7,74.5,83.30,78.50,74.10,99 %,94 %,65 %,7.2 mph,0.5 mph,0.0 mph,29.56 in,29.47 in,0.44
7/10/2023,85.8,77.6,72.1,82.20,76.90,71.80,99 %,98 %,84 %,6.9 mph,0.3 mph,0.0 mph,29.59 in,29.48 in,0.97
7/11/2023,90.9,78.8,74.7,83.30,77.30,74.30,99 %,95 %,74 %,6.3 mph,0.3 mph,0.0 mph,29.64 in,29.53 in,0.40
7/12/2023,95.9,81.6,73.2,84.40,77.60,72.90,99 %,89 %,59 %,4.9 mph,0.2 mph,0.0 mph,29.63 in,29.54 in,0.01
7/13/2023,95.2,81.9,73.2,84.00,77.20,72.90,99 %,87 %,58 %,4.9 mph,0.4 mph,0.0 mph,29.60 in,29.50 in,0.00
7/14/2023,90.7,79.2,72.9,83.10,77.40,72.50,99 %,95 %,71 %,5.8 mph,0.2 mph,0.0 mph,29.58 in,29.50 in,0.34
7/15/2023,89.1,79.2,73.2,83.50,77.40,72.90,99 %,95 %,74 %,6.5 mph,0.4 mph,0.0 mph,29.60 in,29.51 in,0.69
7/16/2023,90.7,79.7,74.8,83.80,78.20,74.50,99 %,95 %,74 %,5.6 mph,0.4 mph,0.0 mph,29.61 in,29.53 in,0.11
7/17/2023,94.8,80.2,73.9,86.00,77.70,73.60,99 %,93 %,63 %,6.3 mph,0.3 mph,0.0 mph,29.60 in,29.49 in,0.03
7/18/2023,94.5,82.4,72.9,83.70,77.30,72.50,99 %,86 %,57 %,2.7 mph,0.1 mph,0.0 mph,29.70 in,29.57 in,0.01
7/19/2023,96.8,82.9,72.3,84.40,77.50,72.00,99 %,85 %,55 %,5.4 mph,0.2 mph,0.0 mph,29.73 in,29.65 in,0.00
7/20/2023,97.9,83.8,72.5,84.40,78.30,72.10,99 %,85 %,57 %,4.0 mph,0.3 mph,0.0 mph,29.71 in,29.58 in,0.00
7/21/2023,98.2,84.7,74.7,83.70,77.70,74.30,99 %,81 %,55 %,5.4 mph,0.5 mph,0.0 mph,29.62 in,29.47 in,0.00
7/22/2023,97.2,81.1,72.9,84.20,77.00,72.50,99 %,89 %,54 %,6.3 mph,0.6 mph,0.0 mph,29.58 in,29.45 in,0.43
7/23/2023,88.7,76.0,71.4,84.60,75.30,71.10,99 %,98 %,82 %,5.4 mph,0.2 mph,0.0 mph,29.63 in,29.50 in,0.15
7/24/2023,92.5,80.9,73.6,83.70,77.10,73.20,99 %,89 %,66 %,7.4 mph,0.4 mph,0.0 mph,29.70 in,29.60 in,0.15
7/25/2023,93.7,79.1,71.2,84.00,75.30,69.40,99 %,89 %,66 %,5.4 mph,0.2 mph,0.0 mph,29.72 in,29.63 in,0.00
7/26/2023,96.1,80.5,67.6,82.40,74.70,67.30,99 %,84 %,52 %,3.8 mph,0.1 mph,0.0 mph,29.70 in,29.58 in,0.00
7/27/2023,91.0,80.1,71.8,82.60,77.10,71.40,99 %,91 %,70 %,2.5 mph,0.0 mph,0.0 mph,29.68 in,29.60 in,0.00
7/28/2023,89.2,78.6,74.3,82.40,76.90,73.90,99 %,95 %,73 %,5.1 mph,0.1 mph,0.0 mph,29.68 in,29.61 in,0.07
7/29/2023,96.4,79.6,71.4,83.70,76.30,71.10,99 %,91 %,60 %,4.9 mph,0.2 mph,0.0 mph,29.70 in,29.60 in,0.00
7/30/2023,97.7,82.5,70.5,85.50,77.30,70.20,99 %,86 %,56 %,5.1 mph,0.5 mph,0.0 mph,29.67 in,29.49 in,1.08
7/31/2023,93.4,75.3,70.3,84.70,74.00,70.00,99 %,96 %,67 %,7.4 mph,0.1 mph,0.0 mph,29.60 in,29.50 in,1.09
8/1/2023,97.0,81.2,71.1,86.00,77.00,70.70,99 %,89 %,61 %,6.7 mph,0.1 mph,0.0 mph,29.62 in,29.51 in,0.10
8/9/2023,96.3,88.6,80.4,86.50,82.20,78.30,99 %,82 %,64 %,4.9 mph,0.5 mph,0.0 mph,29.60 in,29.50 in,0.00
8/10/2023,97.2,84.8,77.0,84.40,80.00,76.60,99 %,87 %,60 %,6.9 mph,0.5 mph,0.0 mph,29.56 in,29.45 in,0.00
8/11/2023,97.3,84.8,75.2,85.80,79.80,74.80,99 %,86 %,58 %,4.7 mph,0.3 mph,0.0 mph,29.58 in,29.47 in,0.00
8/12/2023,98.4,85.3,76.8,84.60,79.60,76.50,99 %,85 %,54 %,5.8 mph,0.1 mph,0.0 mph,29.60 in,29.49 in,0.00
8/13/2023,100.8,86.1,75.2,84.90,79.20,74.80,99 %,82 %,48 %,3.8 mph,0.0 mph,0.0 mph,29.63 in,29.51 in,0.00
8/14/2023,97.9,80.3,73.9,88.70,78.00,73.60,99 %,94 %,61 %,5.4 mph,0.1 mph,0.0 mph,29.63 in,29.53 in,0.16
8/15/2023,92.8,77.8,72.9,86.90,76.90,72.50,99 %,97 %,75 %,4.9 mph,0.1 mph,0.0 mph,29.60 in,29.49 in,0.55
8/16/2023,92.1,77.3,68.0,85.80,76.10,67.60,99 %,96 %,76 %,3.6 mph,0.1 mph,0.0 mph,29.55 in,29.47 in,1.65
8/17/2023,90.1,77.3,72.0,85.50,75.90,71.60,99 %,96 %,77 %,9.4 mph,0.2 mph,0.0 mph,29.55 in,29.47 in,0.12
8/18/2023,94.3,81.8,73.8,84.70,77.80,73.40,99 %,89 %,65 %,5.8 mph,0.1 mph,0.0 mph,29.58 in,29.46 in,0.00
8/19/2023,98.8,82.3,72.0,83.80,77.50,71.60,99 %,87 %,50 %,4.7 mph,0.1 mph,0.0 mph,29.59 in,29.49 in,0.00
8/20/2023,91.9,79.4,73.8,83.30,77.10,73.40,99 %,93 %,70 %,3.4 mph,0.0 mph,0.0 mph,29.67 in,29.57 in,0.00
8/21/2023,95.0,82.1,73.9,82.90,77.00,73.60,99 %,86 %,56 %,4.0 mph,0.0 mph,0.0 mph,29.70 in,29.59 in,0.00
8/22/2023,95.4,81.3,69.8,84.40,76.50,69.40,99 %,87 %,60 %,3.6 mph,0.0 mph,0.0 mph,29.66 in,29.49 in,0.00
8/23/2023,94.6,81.5,72.7,82.40,77.20,72.30,99 %,88 %,60 %,4.3 mph,0.1 mph,0.0 mph,29.57 in,29.49 in,0.00
8/24/2023,94.6,80.9,71.1,83.50,76.50,70.70,99 %,88 %,62 %,4.3 mph,0.0 mph,0.0 mph,29.59 in,29.51 in,0.00
8/25/2023,96.8,81.0,69.6,83.10,75.60,69.30,99 %,85 %,55 %,5.4 mph,0.1 mph,0.0 mph,29.58 in,29.44 in,0.00
8/26/2023,97.3,82.7,72.9,83.80,77.50,72.50,99 %,86 %,57 %,4.0 mph,0.0 mph,0.0 mph,29.51 in,29.35 in,0.00
8/27/2023,95.5,81.2,70.2,83.30,76.10,69.80,99 %,86 %,55 %,3.8 mph,0.0 mph,0.0 mph,29.43 in,29.32 in,0.00
8/28/2023,94.1,82.0,73.6,84.90,78.50,73.20,99 %,90 %,67 %,4.0 mph,0.0 mph,0.0 mph,29.45 in,29.34 in,0.01
8/29/2023,94.6,80.7,74.1,84.20,78.00,73.80,99 %,92 %,67 %,4.5 mph,0.0 mph,0.0 mph,29.48 in,29.33 in,0.60
8/30/2023,76.3,75.1,73.9,75.90,74.70,73.60,99 %,99 %,99 %,2.7 mph,0.2 mph,0.0 mph,29.34 in,29.06 in,0.69
8/31/2023,93.6,85.1,75.6,84.00,79.70,75.20,99 %,85 %,61 %,3.6 mph,0.1 mph,0.0 mph,29.56 in,29.43 in,0.00
9/1/2023,87.4,77.0,72.0,83.50,76.20,71.60,99 %,98 %,85 %,4.0 mph,0.0 mph,0.0 mph,29.71 in,29.54 in,1.25
9/2/2023,88.0,76.7,71.1,82.60,75.40,70.70,99 %,96 %,77 %,1.3 mph,0.0 mph,0.0 mph,29.71 in,29.62 in,0.14
9/3/2023,91.2,77.2,68.5,80.20,73.50,68.20,99 %,90 %,63 %,4.0 mph,0.0 mph,0.0 mph,29.68 in,29.56 in,0.00
9/4/2023,91.9,77.0,66.2,75.70,70.40,65.80,99 %,83 %,48 %,3.6 mph,0.1 mph,0.0 mph,29.65 in,29.54 in,0.00
9/5/2023,92.5,75.5,63.1,77.50,70.10,62.80,99 %,86 %,50 %,3.8 mph,0.0 mph,0.0 mph,29.65 in,29.55 in,0.00
9/6/2023,96.1,78.4,66.0,80.20,72.40,65.70,99 %,84 %,50 %,4.9 mph,0.1 mph,0.0 mph,29.61 in,29.48 in,0.00
9/7/2023,96.3,79.5,67.6,80.60,73.70,67.30,99 %,85 %,49 %,5.4 mph,0.1 mph,0.0 mph,29.53 in,29.41 in,0.00
9/8/2023,86.9,76.8,70.0,77.40,73.00,68.20,99 %,89 %,65 %,5.4 mph,0.1 mph,0.0 mph,29.56 in,29.45 in,0.00
9/9/2023,88.5,75.8,66.9,78.80,72.40,66.60,99 %,90 %,66 %,4.0 mph,0.1 mph,0.0 mph,29.57 in,29.48 in,0.00
9/10/2023,93.9,78.1,67.3,81.50,73.80,66.90,99 %,88 %,57 %,3.8 mph,0.1 mph,0.0 mph,29.61 in,29.52 in,0.00
9/11/2023,94.6,77.7,69.6,83.50,74.30,69.30,99 %,91 %,56 %,4.5 mph,0.1 mph,0.0 mph,29.63 in,29.52 in,1.73
9/12/2023,94.1,76.9,66.7,82.90,73.70,66.40,99 %,91 %,57 %,3.1 mph,0.0 mph,0.0 mph,29.63 in,29.50 in,0.01
9/13/2023,93.4,79.5,70.9,81.30,75.20,70.50,99 %,88 %,58 %,4.0 mph,0.1 mph,0.0 mph,29.57 in,29.41 in,0.00
9/14/2023,95.5,80.3,70.9,81.50,75.50,70.50,99 %,87 %,54 %,4.0 mph,0.1 mph,0.0 mph,29.51 in,29.41 in,0.00
9/15/2023,91.4,78.1,71.1,81.10,74.90,70.70,99 %,91 %,66 %,4.9 mph,0.1 mph,0.0 mph,29.58 in,29.45 in,0.04
9/16/2023,89.2,77.4,69.1,80.40,73.90,68.70,99 %,90 %,69 %,1.3 mph,0.0 mph,0.0 mph,29.61 in,29.50 in,0.00
9/17/2023,92.7,78.3,71.2,84.20,75.50,70.90,99 %,92 %,66 %,6.0 mph,0.2 mph,0.0 mph,29.55 in,29.39 in,0.18
9/18/2023,90.1,75.1,66.6,72.70,68.80,61.30,99 %,84 %,41 %,6.0 mph,0.1 mph,0.0 mph,29.59 in,29.45 in,0.01
9/19/2023,90.3,73.3,59.7,72.50,65.90,59.40,99 %,81 %,44 %,4.3 mph,0.1 mph,0.0 mph,29.63 in,29.53 in,0.00
9/20/2023,90.0,75.0,63.7,78.60,70.70,63.30,99 %,88 %,60 %,2.9 mph,0.0 mph,0.0 mph,29.65 in,29.53 in,0.00
9/21/2023,91.2,76.8,69.3,78.80,73.00,68.50,99 %,89 %,60 %,8.1 mph,0.1 mph,0.0 mph,29.64 in,29.53 in,0.00
9/22/2023,88.2,74.6,63.1,71.20,67.80,61.70,99 %,82 %,47 %,4.9 mph,0.2 mph,0.0 mph,29.59 in,29.47 in,0.00
9/23/2023,88.9,70.4,57.4,71.10,63.00,57.00,99 %,81 %,44 %,4.3 mph,0.1 mph,0.0 mph,29.54 in,29.42 in,0.00
9/24/2023,91.9,72.6,59.0,73.00,65.60,58.60,99 %,82 %,43 %,4.0 mph,0.1 mph,0.0 mph,29.57 in,29.45 in,0.00
9/25/2023,91.4,73.9,61.3,80.40,70.60,61.00,99 %,91 %,65 %,4.7 mph,0.0 mph,0.0 mph,29.64 in,29.53 in,0.77
9/26/2023,88.0,74.8,71.2,82.90,73.90,70.90,99 %,97 %,77 %,5.8 mph,0.1 mph,0.0 mph,29.65 in,29.54 in,0.47
9/27/2023,84.0,75.9,71.6,79.30,74.40,71.20,99 %,95 %,83 %,4.9 mph,0.1 mph,0.0 mph,29.60 in,29.50 in,0.00
9/28/2023,82.6,73.1,69.4,76.10,71.50,68.70,99 %,95 %,78 %,4.5 mph,0.2 mph,0.0 mph,29.59 in,29.50 in,0.00
9/29/2023,85.3,74.3,67.8,78.60,72.10,67.30,99 %,93 %,78 %,5.4 mph,0.1 mph,0.0 mph,29.62 in,29.51 in,0.00
9/30/2023,85.8,75.0,70.0,79.50,72.90,69.60,99 %,94 %,73 %,4.5 mph,0.1 mph,0.0 mph,29.67 in,29.55 in,0.06
10/1/2023,85.5,74.9,68.4,76.60,71.30,67.30,99 %,89 %,69 %,5.4 mph,0.2 mph,0.0 mph,29.68 in,29.58 in,0.00
10/2/2023,87.4,73.9,65.7,76.60,69.90,65.30,99 %,89 %,63 %,7.4 mph,0.1 mph,0.0 mph,29.66 in,29.58 in,0.00
10/3/2023,85.5,72.1,61.9,77.40,69.30,61.50,99 %,92 %,72 %,5.4 mph,0.1 mph,0.0 mph,29.66 in,29.56 in,0.01
10/4/2023,87.3,75.1,67.6,76.50,71.30,67.30,99 %,89 %,65 %,6.0 mph,0.1 mph,0.0 mph,29.65 in,29.54 in,0.00
10/5/2023,89.2,75.6,66.7,79.00,72.70,66.40,99 %,91 %,65 %,4.5 mph,0.1 mph,0.0 mph,29.63 in,29.48 in,0.00
10/6/2023,86.5,74.9,69.3,76.50,72.20,68.90,99 %,92 %,67 %,3.4 mph,0.0 mph,0.0 mph,29.54 in,29.46 in,0.00
10/7/2023,86.4,74.0,64.6,76.10,69.00,55.20,99 %,85 %,57 %,5.4 mph,0.2 mph,0.0 mph,29.53 in,29.43 in,0.00
10/8/2023,77.2,62.0,51.1,62.80,53.30,46.40,97 %,74 %,48 %,4.7 mph,0.1 mph,0.0 mph,29.58 in,29.46 in,0.00
10/9/2023,77.4,58.2,45.9,60.10,51.00,45.10,99 %,81 %,34 %,3.8 mph,0.0 mph,0.0 mph,29.59 in,29.48 in,0.00
10/10/2023,85.3,62.3,44.8,64.60,54.00,44.40,99 %,79 %,33 %,3.8 mph,0.1 mph,0.0 mph,29.58 in,29.45 in,0.00
10/11/2023,75.7,68.2,62.1,72.50,67.10,61.20,99 %,96 %,86 %,3.1 mph,0.0 mph,0.0 mph,29.53 in,29.33 in,0.45
10/12/2023,84.7,73.0,66.2,82.80,72.60,65.80,99 %,99 %,91 %,7.8 mph,0.5 mph,0.0 mph,29.34 in,29.16 in,2.34
10/13/2023,89.6,76.7,69.4,79.50,73.80,69.10,99 %,92 %,63 %,4.3 mph,0.1 mph,0.0 mph,29.42 in,29.30 in,0.00
10/14/2023,82.9,72.6,67.3,74.30,69.70,66.90,99 %,91 %,71 %,4.9 mph,0.3 mph,0.0 mph,29.45 in,29.34 in,0.00
10/15/2023,77.7,67.2,58.8,69.40,61.30,56.10,99 %,83 %,54 %,5.8 mph,0.5 mph,0.0 mph,29.41 in,29.29 in,0.00
10/16/2023,70.2,60.0,51.1,57.20,54.00,49.60,99 %,82 %,53 %,6.9 mph,0.5 mph,0.0 mph,29.56 in,29.38 in,0.00
10/17/2023,72.9,55.7,44.1,56.80,50.10,43.70,99 %,84 %,48 %,4.0 mph,0.3 mph,0.0 mph,29.68 in,29.55 in,0.00
10/18/2023,78.6,57.7,42.6,61.70,52.30,42.30,99 %,85 %,47 %,3.8 mph,0.1 mph,0.0 mph,29.76 in,29.64 in,0.00
10/19/2023,81.9,62.2,48.4,65.80,56.60,48.00,99 %,85 %,46 %,3.8 mph,0.1 mph,0.0 mph,29.71 in,29.55 in,0.00
10/20/2023,83.1,66.1,51.8,69.80,61.80,51.40,99 %,88 %,60 %,6.5 mph,0.5 mph,0.0 mph,29.55 in,29.31 in,0.00
10/21/2023,91.2,68.1,53.2,67.50,59.60,51.40,99 %,79 %,29 %,3.1 mph,0.0 mph,0.0 mph,29.52 in,29.35 in,0.00
10/22/2023,91.0,65.5,51.1,72.90,59.50,50.70,99 %,84 %,41 %,2.9 mph,0.0 mph,0.0 mph,29.60 in,29.49 in,0.00
10/23/2023,88.2,66.6,53.6,69.10,60.80,53.20,99 %,85 %,39 %,1.3 mph,0.0 mph,0.0 mph,29.74 in,29.57 in,0.00
10/24/2023,88.0,68.4,59.5,70.70,63.30,59.20,99 %,86 %,45 %,3.4 mph,0.1 mph,0.0 mph,29.82 in,29.71 in,0.00
10/25/2023,88.9,71.0,62.6,73.60,66.70,62.20,99 %,88 %,54 %,3.4 mph,0.1 mph,0.0 mph,29.83 in,29.72 in,0.00
10/26/2023,91.0,70.3,62.6,71.80,66.00,62.20,99 %,88 %,51 %,2.7 mph,0.0 mph,0.0 mph,29.79 in,29.69 in,0.00
10/27/2023,95.9,70.1,59.7,73.20,64.90,59.40,99 %,86 %,44 %,2.5 mph,0.0 mph,0.0 mph,29.79 in,29.69 in,0.00
10/28/2023,94.8,69.7,58.5,75.00,65.70,58.10,99 %,89 %,50 %,2.5 mph,0.0 mph,0.0 mph,29.78 in,29.65 in,0.00
10/29/2023,96.3,70.7,61.5,75.00,66.80,61.20,99 %,90 %,46 %,0.2 mph,0.0 mph,0.0 mph,29.71 in,29.56 in,0.00
10/30/2023,95.9,70.6,60.6,75.90,66.30,60.30,99 %,89 %,46 %,0.7 mph,0.0 mph,0.0 mph,29.62 in,29.45 in,0.00
10/31/2023,94.6,70.6,61.7,73.90,66.20,60.60,99 %,88 %,47 %,2.2 mph,0.0 mph,0.0 mph,29.53 in,29.41 in,0.00
11/1/2023,75.9,59.2,45.7,61.00,48.80,40.30,87 %,70 %,41 %,4.0 mph,0.1 mph,0.0 mph,29.85 in,29.52 in,0.00
11/2/2023,75.0,54.6,40.5,63.30,48.10,34.20,93 %,79 %,61 %,2.9 mph,0.1 mph,0.0 mph,29.91 in,29.83 in,0.00
11/3/2023,80.6,61.5,52.2,67.80,57.40,46.90,98 %,87 %,62 %,2.7 mph,0.0 mph,0.0 mph,29.90 in,29.79 in,0.00
11/4/2023,86.9,63.1,51.4,57.00,49.60,37.40,94 %,66 %,24 %,2.9 mph,0.0 mph,0.0 mph,29.82 in,29.66 in,0.00
11/5/2023,90.3,58.6,45.1,57.90,49.50,44.80,99 %,78 %,26 %,2.7 mph,0.0 mph,0.0 mph,29.70 in,29.56 in,0.00
11/6/2023,92.8,58.4,41.4,60.60,49.50,41.00,99 %,79 %,24 %,1.3 mph,0.0 mph,0.0 mph,29.68 in,29.58 in,0.00
11/7/2023,94.3,60.9,45.0,63.50,52.20,44.60,99 %,79 %,27 %,1.8 mph,0.0 mph,0.0 mph,29.70 in,29.59 in,0.00
11/8/2023,93.0,61.5,44.8,69.40,55.10,44.40,99 %,84 %,35 %,2.0 mph,0.0 mph,0.0 mph,29.72 in,29.60 in,0.00
11/9/2023,88.0,65.2,51.3,73.20,61.80,50.90,99 %,90 %,57 %,2.7 mph,0.0 mph,0.0 mph,29.71 in,29.57 in,0.00
11/10/2023,90.0,69.3,58.5,75.70,65.90,58.10,99 %,90 %,58 %,2.0 mph,0.0 mph,0.0 mph,29.67 in,29.57 in,0.00
11/11/2023,90.7,71.3,62.8,79.20,68.60,62.40,99 %,93 %,64 %,5.8 mph,0.2 mph,0.0 mph,29.76 in,29.62 in,0.08
11/12/2023,64.4,60.9,58.1,63.30,60.30,57.70,99 %,98 %,93 %,4.5 mph,0.2 mph,0.0 mph,29.84 in,29.71 in,0.01
11/13/2023,64.4,59.6,56.8,62.60,59.00,56.50,99 %,98 %,92 %,5.8 mph,0.4 mph,0.0 mph,29.84 in,29.74 in,0.01
11/14/2023,70.5,62.2,57.7,67.50,61.60,57.40,99 %,98 %,88 %,5.8 mph,0.3 mph,0.0 mph,29.79 in,29.70 in,0.81
11/15/2023,67.8,65.0,60.8,67.50,64.60,60.40,99 %,99 %,99 %,2.2 mph,0.0 mph,0.0 mph,29.74 in,29.60 in,0.36
11/16/2023,66.7,65.6,64.8,66.40,65.30,64.40,99 %,99 %,99 %,5.1 mph,0.1 mph,0.0 mph,29.65 in,29.49 in,0.49
11/17/2023,71.1,67.5,65.1,70.70,67.10,64.80,99 %,99 %,96 %,4.9 mph,0.3 mph,0.0 mph,29.51 in,29.35 in,0.15
11/18/2023,79.9,68.1,58.5,71.40,65.80,58.10,99 %,93 %,70 %,6.0 mph,0.3 mph,0.0 mph,29.44 in,29.33 in,0.00
11/19/2023,83.8,64.2,53.4,70.20,60.30,53.10,99 %,89 %,54 %,3.4 mph,0.1 mph,0.0 mph,29.56 in,29.40 in,0.00
11/20/2023,83.3,66.3,55.6,72.70,64.00,55.20,99 %,93 %,59 %,2.7 mph,0.1 mph,0.0 mph,29.65 in,29.53 in,0.01
11/21/2023,78.6,70.9,64.9,72.70,68.50,64.60,99 %,93 %,77 %,6.0 mph,0.2 mph,0.0 mph,29.67 in,29.52 in,0.00
11/22/2023,73.2,65.9,50.0,72.90,64.40,49.60,99 %,95 %,85 %,7.4 mph,0.6 mph,0.0 mph,29.60 in,29.45 in,0.26
11/23/2023,60.8,51.8,43.3,53.60,48.80,43.00,99 %,90 %,68 %,4.0 mph,0.2 mph,0.0 mph,29.68 in,29.55 in,0.00
11/24/2023,62.4,54.2,50.4,58.50,53.20,50.00,99 %,97 %,81 %,2.5 mph,0.0 mph,0.0 mph,29.77 in,29.62 in,0.11
11/25/2023,73.0,58.0,46.0,63.00,55.10,45.70,99 %,91 %,64 %,3.1 mph,0.0 mph,0.0 mph,29.76 in,29.66 in,0.01
11/26/2023,61.5,58.7,53.1,61.20,58.40,52.70,99 %,99 %,99 %,5.1 mph,0.1 mph,0.0 mph,29.69 in,29.44 in,1.37
11/27/2023,66.4,55.9,46.8,57.40,52.70,45.50,99 %,90 %,62 %,6.7 mph,0.4 mph,0.0 mph,29.75 in,29.54 in,0.01
11/28/2023,60.6,46.3,36.1,46.00,40.40,35.80,99 %,82 %,45 %,4.7 mph,0.3 mph,0.0 mph,29.84 in,29.71 in,0.00
11/29/2023,62.6,43.0,30.9,43.20,35.80,30.60,99 %,81 %,36 %,4.0 mph,0.2 mph,0.0 mph,29.86 in,29.73 in,0.00
11/30/2023,73.4,50.5,30.7,61.30,46.50,30.40,99 %,88 %,58 %,3.8 mph,0.1 mph,0.0 mph,29.80 in,29.67 in,0.00
12/1/2023,82.0,64.9,51.4,72.90,62.10,51.10,99 %,92 %,68 %,6.0 mph,0.2 mph,0.0 mph,29.71 in,29.60 in,0.02
12/2/2023,78.8,70.8,62.8,76.60,70.00,62.40,99 %,98 %,91 %,2.9 mph,0.1 mph,0.0 mph,29.67 in,29.52 in,0.18
12/3/2023,74.1,70.2,67.6,73.80,69.80,67.30,99 %,99 %,99 %,3.8 mph,0.0 mph,0.0 mph,29.61 in,29.50 in,0.48
12/4/2023,72.9,65.0,53.4,68.00,62.40,53.10,99 %,92 %,57 %,7.2 mph,0.2 mph,0.0 mph,29.66 in,29.50 in,0.00
12/5/2023,68.2,55.8,48.0,55.00,50.10,43.90,99 %,84 %,43 %,4.5 mph,0.2 mph,0.0 mph,29.73 in,29.60 in,0.01
12/6/2023,63.3,50.6,37.9,48.20,43.90,37.60,99 %,80 %,48 %,7.8 mph,0.5 mph,0.0 mph,29.83 in,29.64 in,0.00
12/7/2023,69.6,48.0,33.6,53.10,43.30,33.30,99 %,87 %,48 %,4.0 mph,0.2 mph,0.0 mph,29.88 in,29.75 in,0.00
12/8/2023,73.4,57.2,44.2,64.40,54.80,43.90,99 %,93 %,64 %,3.6 mph,0.1 mph,0.0 mph,29.81 in,29.69 in,0.02
12/9/2023,82.8,65.1,52.3,72.00,62.00,52.00,99 %,91 %,64 %,4.9 mph,0.2 mph,0.0 mph,29.79 in,29.66 in,0.01
12/10/2023,77.2,63.9,53.2,72.00,62.60,52.90,99 %,96 %,80 %,8.5 mph,0.6 mph,0.0 mph,29.67 in,29.33 in,0.94
12/11/2023,62.2,47.4,38.7,53.10,43.00,38.30,99 %,87 %,46 %,6.3 mph,0.4 mph,0.0 mph,29.86 in,29.50 in,0.02
12/12/2023,66.6,49.3,34.9,57.20,46.30,34.50,99 %,91 %,67 %,4.7 mph,0.3 mph,0.0 mph,30.02 in,29.85 in,0.00
12/13/2023,65.7,53.9,47.1,57.60,48.70,42.30,96 %,83 %,62 %,5.1 mph,0.6 mph,0.0 mph,30.04 in,29.95 in,0.00
12/14/2023,69.8,56.6,47.3,61.20,52.50,41.20,99 %,87 %,71 %,8.7 mph,1.0 mph,0.0 mph,30.04 in,29.95 in,0.06
12/15/2023,69.4,57.1,48.9,63.70,55.40,48.60,99 %,95 %,77 %,4.9 mph,0.4 mph,0.0 mph,29.96 in,29.82 in,0.01
12/16/2023,65.1,60.1,52.3,64.40,59.70,52.00,99 %,99 %,95 %,5.8 mph,0.1 mph,0.0 mph,29.83 in,29.35 in,2.27
12/17/2023,66.2,61.4,57.9,63.90,59.90,55.20,99 %,95 %,85 %,9.2 mph,1.4 mph,0.0 mph,29.36 in,28.99 in,4.80
12/18/2023,66.9,54.8,46.8,55.80,49.80,44.40,99 %,84 %,53 %,5.8 mph,0.7 mph,0.0 mph,29.61 in,29.34 in,0.00
12/19/2023,56.7,44.0,34.2,44.80,36.70,30.60,99 %,79 %,41 %,4.9 mph,0.4 mph,0.0 mph,29.92 in,29.60 in,0.00
12/20/2023,62.2,46.6,32.9,54.90,43.10,32.50,99 %,88 %,67 %,4.9 mph,0.2 mph,0.0 mph,29.99 in,29.89 in,0.00
12/21/2023,70.0,51.7,38.5,55.60,46.50,38.10,99 %,85 %,53 %,4.5 mph,0.2 mph,0.0 mph,29.99 in,29.87 in,0.00
12/22/2023,73.8,56.6,47.1,64.40,54.70,46.80,99 %,94 %,68 %,2.5 mph,0.0 mph,0.0 mph,29.91 in,29.80 in,0.00
12/23/2023,77.2,59.9,49.8,64.00,55.60,49.50,99 %,88 %,54 %,4.3 mph,0.1 mph,0.0 mph,29.89 in,29.78 in,0.00
12/24/2023,73.9,61.2,51.1,68.20,59.10,50.70,99 %,93 %,76 %,2.9 mph,0.0 mph,0.0 mph,29.82 in,29.65 in,0.00
12/25/2023,70.2,65.6,63.1,69.80,65.20,62.80,99 %,99 %,98 %,5.1 mph,0.1 mph,0.0 mph,29.66 in,29.49 in,0.35
12/26/2023,74.7,66.8,61.3,70.90,65.70,61.00,99 %,97 %,84 %,2.5 mph,0.0 mph,0.0 mph,29.55 in,29.42 in,0.00
12/27/2023,64.6,59.2,55.0,61.20,56.60,54.00,99 %,92 %,71 %,3.6 mph,0.2 mph,0.0 mph,29.56 in,29.47 in,0.00
12/28/2023,63.0,54.8,48.6,57.60,53.40,48.20,99 %,95 %,63 %,5.1 mph,0.1 mph,0.0 mph,29.54 in,29.43 in,0.03
12/29/2023,57.4,45.7,34.3,49.60,39.10,32.70,99 %,80 %,42 %,8.5 mph,0.6 mph,0.0 mph,29.69 in,29.48 in,0.00
12/30/2023,61.0,43.4,30.6,45.30,37.90,30.20,99 %,84 %,52 %,6.9 mph,0.5 mph,0.0 mph,29.75 in,29.63 in,0.00
12/31/2023,65.5,44.7,30.4,47.70,39.30,30.00,99 %,85 %,47 %,5.4 mph,0.3 mph,0.0 mph,29.83 in,29.72 in,0.00